	F1norm_rprr	datasetname	knownmodules	m	method	precision	recall	recovery	relevance	runningtime	t
0	0.5202538819029501	ecoli_colombos	strict	o	biforce	0.03283072263728719	0.0031580213160547306	0.1679441117764471	0.030784347756909785	358.66987586021423	0.0
1	1.119552584277036	ecoli_colombos	minimal	o	biforce	0.0602084104829788	0.013994957952401556	0.17365269461077845	0.029514408517309323	358.66987586021423	0.0
2	0.7767791214783161	ecoli_colombos	interconnected	o	biforce	0.03765773596546505	0.004057291096677506	0.15858092370618646	0.03257369573431495	358.66987586021423	0.0
3	1.013116905543133	ecoli_colombos	strict	o	biforce	0.03287227106002572	0.008037825278169718	0.13760227851411427	0.06513541014894106	610.3034279346466	0.1
4	1.6234998478547233	ecoli_colombos	minimal	o	biforce	0.03262552198456016	0.02040858282649387	0.13326656906915885	0.05838779881340868	610.3034279346466	0.1
5	1.44446274301358	ecoli_colombos	interconnected	o	biforce	0.033003359468716714	0.010345365041720397	0.1275832931999315	0.07100644170077813	610.3034279346466	0.1
6	1.6692545236944765	ecoli_colombos	strict	o	biforce	0.04470128829775342	0.019816522276926103	0.18085929840969037	0.0925764331634059	649.691890001297	0.2
7	1.7206740705340746	ecoli_colombos	minimal	o	biforce	0.02828769076168851	0.022920442131255818	0.1314792871558	0.0662828374004414	649.691890001297	0.2
8	1.5697814955188456	ecoli_colombos	interconnected	o	biforce	0.03199805319329306	0.012032429926073418	0.13338425483378583	0.07737092202731784	649.691890001297	0.2
9	0.2636353838658754	ecoli_colombos	strict	o	biforce	0.02537418521464899	0.0014467441866449974	0.0550098231827112	0.019211378860945302	427.3071639537811	0.5
10	0.9803668839127206	ecoli_colombos	minimal	o	biforce	0.05686700031608302	0.012396419586260622	0.12159763313609467	0.02675319340003849	427.3071639537811	0.5
11	0.514192124871229	ecoli_colombos	interconnected	o	biforce	0.03281786854060567	0.002584032811773861	0.07504078303425775	0.023768879753080414	427.3071639537811	0.5
12	3.1791132879701043	ecoli_colombos	strict	o	biforce	0.07628955283348819	0.0595151409200848	0.25571910669216497	0.17575150905496442	978.1470868587494	0.75
13	2.7504863178863523	ecoli_colombos	minimal	o	biforce	0.025534019647959982	0.050830457862893655	0.18503357249765762	0.13433413976926242	978.1470868587494	0.75
14	3.0880382230043155	ecoli_colombos	interconnected	o	biforce	0.04371366754030378	0.040452855740976554	0.20267345300106523	0.15341010671979977	978.1470868587494	0.75
15	3.8891198952384958	ecoli_colombos	strict	o	biforce	0.08722757552433855	0.07868754259653468	0.2963971233986995	0.22183284362863379	899.5414991378784	1.0
16	2.5662868363188607	ecoli_colombos	minimal	o	biforce	0.021882893784823023	0.04639890897336401	0.1746345885790832	0.13433724326349344	899.5414991378784	1.0
17	3.13551384630831	ecoli_colombos	interconnected	o	biforce	0.04033985127946311	0.0450385837373422	0.200037099042194	0.15953200619499766	899.5414991378784	1.0
18	4.171242566980314	ecoli_colombos	strict	o	biforce	0.08640583429566288	0.09119200486218401	0.3085387489137467	0.24346489567227067	778.7254929542542	1.5
19	2.5437873047689066	ecoli_colombos	minimal	o	biforce	0.017273010140945826	0.05198803509699858	0.18144860133943214	0.15514703569446708	778.7254929542542	1.5
20	3.379114337110619	ecoli_colombos	interconnected	o	biforce	0.03794049867454496	0.05372725841753687	0.1931541896528458	0.19455647470079102	778.7254929542542	1.5
21	0.27723281462218496	ecoli_colombos	strict	o	biforce	0.02743866907522871	0.001570916168429125	0.05725190839694656	0.019230769230769232	403.1182680130005	2.0
22	0.9237213191982848	ecoli_colombos	minimal	o	biforce	0.06095606005000181	0.012645494401695939	0.1425287356321839	0.023451261382295863	403.1182680130005	2.0
23	0.549880644505091	ecoli_colombos	interconnected	o	biforce	0.03655832703451752	0.0029594836170799893	0.08095238095238096	0.023809523809523808	403.1182680130005	2.0
24	0.27723281462218496	ecoli_colombos	strict	o	biforce	0.02743866907522871	0.001570916168429125	0.05725190839694656	0.019230769230769232	436.85618901252747	5.0
25	0.9237213191982848	ecoli_colombos	minimal	o	biforce	0.06095606005000181	0.012645494401695939	0.1425287356321839	0.023451261382295863	436.85618901252747	5.0
26	0.549880644505091	ecoli_colombos	interconnected	o	biforce	0.03655832703451752	0.0029594836170799893	0.08095238095238096	0.023809523809523808	436.85618901252747	5.0
27	0.27723281462218496	ecoli_colombos	strict	o	biforce	0.02743866907522871	0.001570916168429125	0.05725190839694656	0.019230769230769232	383.7806260585785	10.0
28	0.9237213191982848	ecoli_colombos	minimal	o	biforce	0.06095606005000181	0.012645494401695939	0.1425287356321839	0.023451261382295863	383.7806260585785	10.0
29	0.549880644505091	ecoli_colombos	interconnected	o	biforce	0.03655832703451752	0.0029594836170799893	0.08095238095238096	0.023809523809523808	383.7806260585785	10.0
30	0.40573002866538116	ecoli_colombos	strict	u	biforce	0.02458537122266298	0.0024991410813371326	0.07238339021615472	0.02778060521919958	391.3947720527649	0.0
31	1.0463273101740322	ecoli_colombos	minimal	u	biforce	0.036670406381935854	0.013033249856827675	0.1404310308001196	0.029502638392154185	391.3947720527649	0.0
32	0.6347749671655127	ecoli_colombos	interconnected	u	biforce	0.027709724961442455	0.003222615275622296	0.07638645138645139	0.03231095937897008	391.3947720527649	0.0
33	0.27723281462218496	ecoli_colombos	strict	u	biforce	0.02743866907522871	0.001570916168429125	0.05725190839694656	0.019230769230769232	303.52930784225464	0.1
34	0.9237213191982848	ecoli_colombos	minimal	u	biforce	0.06095606005000181	0.012645494401695939	0.1425287356321839	0.023451261382295863	303.52930784225464	0.1
35	0.549880644505091	ecoli_colombos	interconnected	u	biforce	0.03655832703451752	0.0029594836170799893	0.08095238095238096	0.023809523809523808	303.52930784225464	0.1
36	0.27723281462218496	ecoli_colombos	strict	u	biforce	0.02743866907522871	0.001570916168429125	0.05725190839694656	0.019230769230769232	296.0180470943451	0.2
37	0.9237213191982848	ecoli_colombos	minimal	u	biforce	0.06095606005000181	0.012645494401695939	0.1425287356321839	0.023451261382295863	296.0180470943451	0.2
38	0.549880644505091	ecoli_colombos	interconnected	u	biforce	0.03655832703451752	0.0029594836170799893	0.08095238095238096	0.023809523809523808	296.0180470943451	0.2
39	0.27723281462218496	ecoli_colombos	strict	u	biforce	0.02743866907522871	0.001570916168429125	0.05725190839694656	0.019230769230769232	273.1495521068573	0.5
40	0.9237213191982848	ecoli_colombos	minimal	u	biforce	0.06095606005000181	0.012645494401695939	0.1425287356321839	0.023451261382295863	273.1495521068573	0.5
41	0.549880644505091	ecoli_colombos	interconnected	u	biforce	0.03655832703451752	0.0029594836170799893	0.08095238095238096	0.023809523809523808	273.1495521068573	0.5
42	0.27723281462218496	ecoli_colombos	strict	u	biforce	0.02743866907522871	0.001570916168429125	0.05725190839694656	0.019230769230769232	273.5242099761963	0.75
43	0.9237213191982848	ecoli_colombos	minimal	u	biforce	0.06095606005000181	0.012645494401695939	0.1425287356321839	0.023451261382295863	273.5242099761963	0.75
44	0.549880644505091	ecoli_colombos	interconnected	u	biforce	0.03655832703451752	0.0029594836170799893	0.08095238095238096	0.023809523809523808	273.5242099761963	0.75
45	0.27723281462218496	ecoli_colombos	strict	u	biforce	0.02743866907522871	0.001570916168429125	0.05725190839694656	0.019230769230769232	293.03768610954285	1.0
46	0.9237213191982848	ecoli_colombos	minimal	u	biforce	0.06095606005000181	0.012645494401695939	0.1425287356321839	0.023451261382295863	293.03768610954285	1.0
47	0.549880644505091	ecoli_colombos	interconnected	u	biforce	0.03655832703451752	0.0029594836170799893	0.08095238095238096	0.023809523809523808	293.03768610954285	1.0
48	0.27723281462218496	ecoli_colombos	strict	u	biforce	0.02743866907522871	0.001570916168429125	0.05725190839694656	0.019230769230769232	267.05966210365295	1.5
49	0.9237213191982848	ecoli_colombos	minimal	u	biforce	0.06095606005000181	0.012645494401695939	0.1425287356321839	0.023451261382295863	267.05966210365295	1.5
50	0.549880644505091	ecoli_colombos	interconnected	u	biforce	0.03655832703451752	0.0029594836170799893	0.08095238095238096	0.023809523809523808	267.05966210365295	1.5
51	0.27723281462218496	ecoli_colombos	strict	u	biforce	0.02743866907522871	0.001570916168429125	0.05725190839694656	0.019230769230769232	277.38011503219604	2.0
52	0.9237213191982848	ecoli_colombos	minimal	u	biforce	0.06095606005000181	0.012645494401695939	0.1425287356321839	0.023451261382295863	277.38011503219604	2.0
53	0.549880644505091	ecoli_colombos	interconnected	u	biforce	0.03655832703451752	0.0029594836170799893	0.08095238095238096	0.023809523809523808	277.38011503219604	2.0
54	0.27723281462218496	ecoli_colombos	strict	u	biforce	0.02743866907522871	0.001570916168429125	0.05725190839694656	0.019230769230769232	268.3864130973816	5.0
55	0.9237213191982848	ecoli_colombos	minimal	u	biforce	0.06095606005000181	0.012645494401695939	0.1425287356321839	0.023451261382295863	268.3864130973816	5.0
56	0.549880644505091	ecoli_colombos	interconnected	u	biforce	0.03655832703451752	0.0029594836170799893	0.08095238095238096	0.023809523809523808	268.3864130973816	5.0
57	0.27723281462218496	ecoli_colombos	strict	u	biforce	0.02743866907522871	0.001570916168429125	0.05725190839694656	0.019230769230769232	266.449560880661	10.0
58	0.9237213191982848	ecoli_colombos	minimal	u	biforce	0.06095606005000181	0.012645494401695939	0.1425287356321839	0.023451261382295863	266.449560880661	10.0
59	0.549880644505091	ecoli_colombos	interconnected	u	biforce	0.03655832703451752	0.0029594836170799893	0.08095238095238096	0.023809523809523808	266.449560880661	10.0
60	0.0	ecoli_colombos	strict	l	biforce	0.0	0.0	0.0	0.0	345.6604061126709	0.0
61	0.0	ecoli_colombos	minimal	l	biforce	0.0	0.0	0.0	0.0	345.6604061126709	0.0
62	0.0	ecoli_colombos	interconnected	l	biforce	0.0	0.0	0.0	0.0	345.6604061126709	0.0
63	0.27723281462218496	ecoli_colombos	strict	l	biforce	0.02743866907522871	0.001570916168429125	0.05725190839694656	0.019230769230769232	414.28858709335327	0.1
64	0.9237213191982848	ecoli_colombos	minimal	l	biforce	0.06095606005000181	0.012645494401695939	0.1425287356321839	0.023451261382295863	414.28858709335327	0.1
65	0.549880644505091	ecoli_colombos	interconnected	l	biforce	0.03655832703451752	0.0029594836170799893	0.08095238095238096	0.023809523809523808	414.28858709335327	0.1
66	0.27723281462218496	ecoli_colombos	strict	l	biforce	0.02743866907522871	0.001570916168429125	0.05725190839694656	0.019230769230769232	380.2985348701477	0.2
67	0.9237213191982848	ecoli_colombos	minimal	l	biforce	0.06095606005000181	0.012645494401695939	0.1425287356321839	0.023451261382295863	380.2985348701477	0.2
68	0.549880644505091	ecoli_colombos	interconnected	l	biforce	0.03655832703451752	0.0029594836170799893	0.08095238095238096	0.023809523809523808	380.2985348701477	0.2
69	0.27723281462218496	ecoli_colombos	strict	l	biforce	0.02743866907522871	0.001570916168429125	0.05725190839694656	0.019230769230769232	398.1459650993347	0.5
70	0.9237213191982848	ecoli_colombos	minimal	l	biforce	0.06095606005000181	0.012645494401695939	0.1425287356321839	0.023451261382295863	398.1459650993347	0.5
71	0.549880644505091	ecoli_colombos	interconnected	l	biforce	0.03655832703451752	0.0029594836170799893	0.08095238095238096	0.023809523809523808	398.1459650993347	0.5
72	0.27723281462218496	ecoli_colombos	strict	l	biforce	0.02743866907522871	0.001570916168429125	0.05725190839694656	0.019230769230769232	361.8940818309784	0.75
73	0.9237213191982848	ecoli_colombos	minimal	l	biforce	0.06095606005000181	0.012645494401695939	0.1425287356321839	0.023451261382295863	361.8940818309784	0.75
74	0.549880644505091	ecoli_colombos	interconnected	l	biforce	0.03655832703451752	0.0029594836170799893	0.08095238095238096	0.023809523809523808	361.8940818309784	0.75
75	0.27723281462218496	ecoli_colombos	strict	l	biforce	0.02743866907522871	0.001570916168429125	0.05725190839694656	0.019230769230769232	419.373309135437	1.0
76	0.9237213191982848	ecoli_colombos	minimal	l	biforce	0.06095606005000181	0.012645494401695939	0.1425287356321839	0.023451261382295863	419.373309135437	1.0
77	0.549880644505091	ecoli_colombos	interconnected	l	biforce	0.03655832703451752	0.0029594836170799893	0.08095238095238096	0.023809523809523808	419.373309135437	1.0
78	0.27723281462218496	ecoli_colombos	strict	l	biforce	0.02743866907522871	0.001570916168429125	0.05725190839694656	0.019230769230769232	424.22415018081665	1.5
79	0.9237213191982848	ecoli_colombos	minimal	l	biforce	0.06095606005000181	0.012645494401695939	0.1425287356321839	0.023451261382295863	424.22415018081665	1.5
80	0.549880644505091	ecoli_colombos	interconnected	l	biforce	0.03655832703451752	0.0029594836170799893	0.08095238095238096	0.023809523809523808	424.22415018081665	1.5
81	0.27723281462218496	ecoli_colombos	strict	l	biforce	0.02743866907522871	0.001570916168429125	0.05725190839694656	0.019230769230769232	405.9202661514282	2.0
82	0.9237213191982848	ecoli_colombos	minimal	l	biforce	0.06095606005000181	0.012645494401695939	0.1425287356321839	0.023451261382295863	405.9202661514282	2.0
83	0.549880644505091	ecoli_colombos	interconnected	l	biforce	0.03655832703451752	0.0029594836170799893	0.08095238095238096	0.023809523809523808	405.9202661514282	2.0
84	0.27723281462218496	ecoli_colombos	strict	l	biforce	0.02743866907522871	0.001570916168429125	0.05725190839694656	0.019230769230769232	422.5046429634094	5.0
85	0.9237213191982848	ecoli_colombos	minimal	l	biforce	0.06095606005000181	0.012645494401695939	0.1425287356321839	0.023451261382295863	422.5046429634094	5.0
86	0.549880644505091	ecoli_colombos	interconnected	l	biforce	0.03655832703451752	0.0029594836170799893	0.08095238095238096	0.023809523809523808	422.5046429634094	5.0
87	0.27723281462218496	ecoli_colombos	strict	l	biforce	0.02743866907522871	0.001570916168429125	0.05725190839694656	0.019230769230769232	384.6022000312805	10.0
88	0.9237213191982848	ecoli_colombos	minimal	l	biforce	0.06095606005000181	0.012645494401695939	0.1425287356321839	0.023451261382295863	384.6022000312805	10.0
89	0.549880644505091	ecoli_colombos	interconnected	l	biforce	0.03655832703451752	0.0029594836170799893	0.08095238095238096	0.023809523809523808	384.6022000312805	10.0
90	0.27723281462218496	ecoli_colombos	strict	h	biforce	0.02743866907522871	0.001570916168429125	0.05725190839694656	0.019230769230769232	278.909814119339	0.0
91	0.9237213191982848	ecoli_colombos	minimal	h	biforce	0.06095606005000181	0.012645494401695939	0.1425287356321839	0.023451261382295863	278.909814119339	0.0
92	0.549880644505091	ecoli_colombos	interconnected	h	biforce	0.03655832703451752	0.0029594836170799893	0.08095238095238096	0.023809523809523808	278.909814119339	0.0
93	0.27723281462218496	ecoli_colombos	strict	h	biforce	0.02743866907522871	0.001570916168429125	0.05725190839694656	0.019230769230769232	296.7408769130707	0.1
94	0.9237213191982848	ecoli_colombos	minimal	h	biforce	0.06095606005000181	0.012645494401695939	0.1425287356321839	0.023451261382295863	296.7408769130707	0.1
95	0.549880644505091	ecoli_colombos	interconnected	h	biforce	0.03655832703451752	0.0029594836170799893	0.08095238095238096	0.023809523809523808	296.7408769130707	0.1
96	0.27723281462218496	ecoli_colombos	strict	h	biforce	0.02743866907522871	0.001570916168429125	0.05725190839694656	0.019230769230769232	312.9674742221832	0.2
97	0.9237213191982848	ecoli_colombos	minimal	h	biforce	0.06095606005000181	0.012645494401695939	0.1425287356321839	0.023451261382295863	312.9674742221832	0.2
98	0.549880644505091	ecoli_colombos	interconnected	h	biforce	0.03655832703451752	0.0029594836170799893	0.08095238095238096	0.023809523809523808	312.9674742221832	0.2
99	0.27723281462218496	ecoli_colombos	strict	h	biforce	0.02743866907522871	0.001570916168429125	0.05725190839694656	0.019230769230769232	325.2952411174774	0.5
100	0.9237213191982848	ecoli_colombos	minimal	h	biforce	0.06095606005000181	0.012645494401695939	0.1425287356321839	0.023451261382295863	325.2952411174774	0.5
101	0.549880644505091	ecoli_colombos	interconnected	h	biforce	0.03655832703451752	0.0029594836170799893	0.08095238095238096	0.023809523809523808	325.2952411174774	0.5
102	0.27723281462218496	ecoli_colombos	strict	h	biforce	0.02743866907522871	0.001570916168429125	0.05725190839694656	0.019230769230769232	299.13843512535095	0.75
103	0.9237213191982848	ecoli_colombos	minimal	h	biforce	0.06095606005000181	0.012645494401695939	0.1425287356321839	0.023451261382295863	299.13843512535095	0.75
104	0.549880644505091	ecoli_colombos	interconnected	h	biforce	0.03655832703451752	0.0029594836170799893	0.08095238095238096	0.023809523809523808	299.13843512535095	0.75
105	0.27723281462218496	ecoli_colombos	strict	h	biforce	0.02743866907522871	0.001570916168429125	0.05725190839694656	0.019230769230769232	308.76130199432373	1.0
106	0.9237213191982848	ecoli_colombos	minimal	h	biforce	0.06095606005000181	0.012645494401695939	0.1425287356321839	0.023451261382295863	308.76130199432373	1.0
107	0.549880644505091	ecoli_colombos	interconnected	h	biforce	0.03655832703451752	0.0029594836170799893	0.08095238095238096	0.023809523809523808	308.76130199432373	1.0
108	0.27723281462218496	ecoli_colombos	strict	h	biforce	0.02743866907522871	0.001570916168429125	0.05725190839694656	0.019230769230769232	319.8706750869751	1.5
109	0.9237213191982848	ecoli_colombos	minimal	h	biforce	0.06095606005000181	0.012645494401695939	0.1425287356321839	0.023451261382295863	319.8706750869751	1.5
110	0.549880644505091	ecoli_colombos	interconnected	h	biforce	0.03655832703451752	0.0029594836170799893	0.08095238095238096	0.023809523809523808	319.8706750869751	1.5
111	0.27723281462218496	ecoli_colombos	strict	h	biforce	0.02743866907522871	0.001570916168429125	0.05725190839694656	0.019230769230769232	351.49937891960144	2.0
112	0.9237213191982848	ecoli_colombos	minimal	h	biforce	0.06095606005000181	0.012645494401695939	0.1425287356321839	0.023451261382295863	351.49937891960144	2.0
113	0.549880644505091	ecoli_colombos	interconnected	h	biforce	0.03655832703451752	0.0029594836170799893	0.08095238095238096	0.023809523809523808	351.49937891960144	2.0
114	0.33079815783575506	ecoli_colombos	strict	h	biforce	0.030226335732212607	0.00182374239899569	0.07601156069364162	0.023296949317541803	345.8075621128082	5.0
115	0.9274484814356424	ecoli_colombos	minimal	h	biforce	0.06007250526514614	0.012881873225987743	0.10534262485481999	0.024945002044905223	345.8075621128082	5.0
116	0.5949612132286974	ecoli_colombos	interconnected	h	biforce	0.03772527731428239	0.003281567755066834	0.08447504543548162	0.025614445838968585	345.8075621128082	5.0
117	0.39592517548461126	ecoli_colombos	strict	h	biforce	0.024454247589154973	0.002410643266149245	0.06968163609529833	0.0276222956583786	365.11057782173157	10.0
118	1.0486680687074572	ecoli_colombos	minimal	h	biforce	0.03625163288467516	0.013043741401691643	0.13977269845563434	0.02967298738516546	365.11057782173157	10.0
119	0.6396277401365945	ecoli_colombos	interconnected	h	biforce	0.027742853902666176	0.0032779758539056582	0.07691663876799465	0.03228405861095095	365.11057782173157	10.0
120	0.8545821819897855	ecoli_dream5	strict	o	biforce	0.03664668071085184	0.0075941485835506264	0.3463636363636364	0.03425364758698092	167.52978420257568	0.0
121	1.3074719988758288	ecoli_dream5	minimal	o	biforce	0.06327057247906506	0.014565427655173083	0.21399103139013453	0.03398279214250322	167.52978420257568	0.0
122	0.6947614096695179	ecoli_dream5	interconnected	o	biforce	0.03576321638008241	0.003194183144701214	0.15299523485364194	0.028062708184382865	167.52978420257568	0.0
123	0.697645580102915	ecoli_dream5	strict	o	biforce	0.030084501720724847	0.004264090203759802	0.10412732140298746	0.0467917701156927	306.7674460411072	0.1
124	1.4163653846863375	ecoli_dream5	minimal	o	biforce	0.03224834942535154	0.01598090039580223	0.1285501104679187	0.04643731691373762	306.7674460411072	0.1
125	1.065850972338439	ecoli_dream5	interconnected	o	biforce	0.030031577349090014	0.005876448924611783	0.1213968440388582	0.047399615315133335	306.7674460411072	0.1
126	1.4579398218911406	ecoli_dream5	strict	o	biforce	0.04714619246311399	0.012152590776519385	0.2111963377241206	0.07755042654374239	259.7951829433441	0.2
127	1.8493307066854319	ecoli_dream5	minimal	o	biforce	0.02812049362740045	0.020553193983946512	0.18352886469226543	0.06553907158659501	259.7951829433441	0.2
128	1.5822087328974246	ecoli_dream5	interconnected	o	biforce	0.03443249761160389	0.010189121581976381	0.1630380523557428	0.06851031775018397	259.7951829433441	0.2
129	2.8141430480276455	ecoli_dream5	strict	o	biforce	0.07564995747360688	0.04366968534377994	0.2530302867779627	0.1393017392472748	330.61217308044434	0.5
130	2.404628141927557	ecoli_dream5	minimal	o	biforce	0.027843621752456263	0.03383202442674644	0.16415261526291236	0.1027010199886775	330.61217308044434	0.5
131	2.7350238945747174	ecoli_dream5	interconnected	o	biforce	0.045196170912786375	0.029760489178366694	0.189057868388555	0.11830456119118456	330.61217308044434	0.5
132	3.369128694030694	ecoli_dream5	strict	o	biforce	0.07177682400768332	0.053817140574462054	0.27796085066196424	0.18410300024092582	357.00456714630127	0.75
133	2.609829368251217	ecoli_dream5	minimal	o	biforce	0.022517619872526505	0.039216716845177996	0.1770638716542675	0.1315038738674009	357.00456714630127	0.75
134	2.9971814699573156	ecoli_dream5	interconnected	o	biforce	0.03786749046153445	0.034117929147747146	0.19105197712445732	0.14642773229638548	357.00456714630127	0.75
135	3.5565932576797348	ecoli_dream5	strict	o	biforce	0.06859844355988738	0.05543242103899769	0.30158504256615126	0.19881221726253548	496.8878810405731	1.0
136	2.657757028910835	ecoli_dream5	minimal	o	biforce	0.019535955371070113	0.038140382484975845	0.20229335911101734	0.1459504713818134	496.8878810405731	1.0
137	3.1155795468707193	ecoli_dream5	interconnected	o	biforce	0.03413421448818083	0.0348465299050233	0.20109154324094908	0.1612461791429756	496.8878810405731	1.0
138	3.7643808364920233	ecoli_dream5	strict	o	biforce	0.06634675203941219	0.0700082022990024	0.38017894133096997	0.18448637788499656	276.614609003067	1.5
139	3.004961414599865	ecoli_dream5	minimal	o	biforce	0.022201645205057314	0.04536290910589903	0.26574073088407657	0.14579138065065514	276.614609003067	1.5
140	3.551257759291872	ecoli_dream5	interconnected	o	biforce	0.03610887248229685	0.04401066316015582	0.2518560238714928	0.17011247343244273	276.614609003067	1.5
141	0.2787737847214952	ecoli_dream5	strict	o	biforce	0.026610871216092985	0.001470475949552375	0.05525846702317291	0.018518518518518517	195.47609400749207	2.0
142	0.9931924134239276	ecoli_dream5	minimal	o	biforce	0.06150075495066952	0.01317492585663678	0.14773980154355015	0.024531422271223815	195.47609400749207	2.0
143	0.5292781101457176	ecoli_dream5	interconnected	o	biforce	0.033709262169097254	0.0025664445575300987	0.07613469985358712	0.022222222222222216	195.47609400749207	2.0
144	0.2787737847214952	ecoli_dream5	strict	o	biforce	0.026610871216092985	0.001470475949552375	0.05525846702317291	0.018518518518518517	191.9277629852295	5.0
145	0.9931924134239276	ecoli_dream5	minimal	o	biforce	0.06150075495066952	0.01317492585663678	0.14773980154355015	0.024531422271223815	191.9277629852295	5.0
146	0.5292781101457176	ecoli_dream5	interconnected	o	biforce	0.033709262169097254	0.0025664445575300987	0.07613469985358712	0.022222222222222216	191.9277629852295	5.0
147	0.2787737847214952	ecoli_dream5	strict	o	biforce	0.026610871216092985	0.001470475949552375	0.05525846702317291	0.018518518518518517	186.75424098968506	10.0
148	0.9931924134239276	ecoli_dream5	minimal	o	biforce	0.06150075495066952	0.01317492585663678	0.14773980154355015	0.024531422271223815	186.75424098968506	10.0
149	0.5292781101457176	ecoli_dream5	interconnected	o	biforce	0.033709262169097254	0.0025664445575300987	0.07613469985358712	0.022222222222222216	186.75424098968506	10.0
150	0.44235644093767634	ecoli_dream5	strict	u	biforce	0.030439728491064997	0.0023823576092932086	0.0829107505070994	0.030000564884759603	168.93828797340393	0.0
151	1.182284074233589	ecoli_dream5	minimal	u	biforce	0.05275194560602499	0.012767712465906638	0.14014176712266918	0.033288838344835564	168.93828797340393	0.0
152	0.6524186363983985	ecoli_dream5	interconnected	u	biforce	0.03261711688873274	0.0029251102577803932	0.09138358103326255	0.03025941737606621	168.93828797340393	0.0
153	0.2787737847214952	ecoli_dream5	strict	u	biforce	0.026610871216092985	0.001470475949552375	0.05525846702317291	0.018518518518518517	164.49016904830933	0.1
154	0.9931924134239276	ecoli_dream5	minimal	u	biforce	0.06150075495066952	0.01317492585663678	0.14773980154355015	0.024531422271223815	164.49016904830933	0.1
155	0.5292781101457176	ecoli_dream5	interconnected	u	biforce	0.033709262169097254	0.0025664445575300987	0.07613469985358712	0.022222222222222216	164.49016904830933	0.1
156	0.2787737847214952	ecoli_dream5	strict	u	biforce	0.026610871216092985	0.001470475949552375	0.05525846702317291	0.018518518518518517	163.66446018218994	0.2
157	0.9931924134239276	ecoli_dream5	minimal	u	biforce	0.06150075495066952	0.01317492585663678	0.14773980154355015	0.024531422271223815	163.66446018218994	0.2
158	0.5292781101457176	ecoli_dream5	interconnected	u	biforce	0.033709262169097254	0.0025664445575300987	0.07613469985358712	0.022222222222222216	163.66446018218994	0.2
159	0.2787737847214952	ecoli_dream5	strict	u	biforce	0.026610871216092985	0.001470475949552375	0.05525846702317291	0.018518518518518517	157.7890648841858	0.5
160	0.9931924134239276	ecoli_dream5	minimal	u	biforce	0.06150075495066952	0.01317492585663678	0.14773980154355015	0.024531422271223815	157.7890648841858	0.5
161	0.5292781101457176	ecoli_dream5	interconnected	u	biforce	0.033709262169097254	0.0025664445575300987	0.07613469985358712	0.022222222222222216	157.7890648841858	0.5
162	0.2787737847214952	ecoli_dream5	strict	u	biforce	0.026610871216092985	0.001470475949552375	0.05525846702317291	0.018518518518518517	141.00258803367615	0.75
163	0.9931924134239276	ecoli_dream5	minimal	u	biforce	0.06150075495066952	0.01317492585663678	0.14773980154355015	0.024531422271223815	141.00258803367615	0.75
164	0.5292781101457176	ecoli_dream5	interconnected	u	biforce	0.033709262169097254	0.0025664445575300987	0.07613469985358712	0.022222222222222216	141.00258803367615	0.75
165	0.2787737847214952	ecoli_dream5	strict	u	biforce	0.026610871216092985	0.001470475949552375	0.05525846702317291	0.018518518518518517	175.0508008003235	1.0
166	0.9931924134239276	ecoli_dream5	minimal	u	biforce	0.06150075495066952	0.01317492585663678	0.14773980154355015	0.024531422271223815	175.0508008003235	1.0
167	0.5292781101457176	ecoli_dream5	interconnected	u	biforce	0.033709262169097254	0.0025664445575300987	0.07613469985358712	0.022222222222222216	175.0508008003235	1.0
168	0.2787737847214952	ecoli_dream5	strict	u	biforce	0.026610871216092985	0.001470475949552375	0.05525846702317291	0.018518518518518517	140.21386909484863	1.5
169	0.9931924134239276	ecoli_dream5	minimal	u	biforce	0.06150075495066952	0.01317492585663678	0.14773980154355015	0.024531422271223815	140.21386909484863	1.5
170	0.5292781101457176	ecoli_dream5	interconnected	u	biforce	0.033709262169097254	0.0025664445575300987	0.07613469985358712	0.022222222222222216	140.21386909484863	1.5
171	0.2787737847214952	ecoli_dream5	strict	u	biforce	0.026610871216092985	0.001470475949552375	0.05525846702317291	0.018518518518518517	141.83865094184875	2.0
172	0.9931924134239276	ecoli_dream5	minimal	u	biforce	0.06150075495066952	0.01317492585663678	0.14773980154355015	0.024531422271223815	141.83865094184875	2.0
173	0.5292781101457176	ecoli_dream5	interconnected	u	biforce	0.033709262169097254	0.0025664445575300987	0.07613469985358712	0.022222222222222216	141.83865094184875	2.0
174	0.2787737847214952	ecoli_dream5	strict	u	biforce	0.026610871216092985	0.001470475949552375	0.05525846702317291	0.018518518518518517	133.05482506752014	5.0
175	0.9931924134239276	ecoli_dream5	minimal	u	biforce	0.06150075495066952	0.01317492585663678	0.14773980154355015	0.024531422271223815	133.05482506752014	5.0
176	0.5292781101457176	ecoli_dream5	interconnected	u	biforce	0.033709262169097254	0.0025664445575300987	0.07613469985358712	0.022222222222222216	133.05482506752014	5.0
177	0.2787737847214952	ecoli_dream5	strict	u	biforce	0.026610871216092985	0.001470475949552375	0.05525846702317291	0.018518518518518517	149.4500970840454	10.0
178	0.9931924134239276	ecoli_dream5	minimal	u	biforce	0.06150075495066952	0.01317492585663678	0.14773980154355015	0.024531422271223815	149.4500970840454	10.0
179	0.5292781101457176	ecoli_dream5	interconnected	u	biforce	0.033709262169097254	0.0025664445575300987	0.07613469985358712	0.022222222222222216	149.4500970840454	10.0
180	0.0	ecoli_dream5	strict	l	biforce	0.0	0.0	0.0	0.0	179.3793671131134	0.0
181	0.0	ecoli_dream5	minimal	l	biforce	0.0	0.0	0.0	0.0	179.3793671131134	0.0
182	0.0	ecoli_dream5	interconnected	l	biforce	0.0	0.0	0.0	0.0	179.3793671131134	0.0
183	0.0	ecoli_dream5	strict	l	biforce	0.0	0.0	0.0	0.0	207.86592602729797	0.1
184	0.0	ecoli_dream5	minimal	l	biforce	0.0	0.0	0.0	0.0	207.86592602729797	0.1
185	0.0	ecoli_dream5	interconnected	l	biforce	0.0	0.0	0.0	0.0	207.86592602729797	0.1
186	0.0	ecoli_dream5	strict	l	biforce	0.0	0.0	0.0	0.0	211.7702910900116	0.2
187	0.0	ecoli_dream5	minimal	l	biforce	0.0	0.0	0.0	0.0	211.7702910900116	0.2
188	0.0	ecoli_dream5	interconnected	l	biforce	0.0	0.0	0.0	0.0	211.7702910900116	0.2
189	0.0	ecoli_dream5	strict	l	biforce	0.0	0.0	0.0	0.0	214.90386295318604	0.5
190	0.0	ecoli_dream5	minimal	l	biforce	0.0	0.0	0.0	0.0	214.90386295318604	0.5
191	0.0	ecoli_dream5	interconnected	l	biforce	0.0	0.0	0.0	0.0	214.90386295318604	0.5
192	0.0	ecoli_dream5	strict	l	biforce	0.0	0.0	0.0	0.0	206.56643104553223	0.75
193	0.0	ecoli_dream5	minimal	l	biforce	0.0	0.0	0.0	0.0	206.56643104553223	0.75
194	0.0	ecoli_dream5	interconnected	l	biforce	0.0	0.0	0.0	0.0	206.56643104553223	0.75
195	0.0	ecoli_dream5	strict	l	biforce	0.0	0.0	0.0	0.0	204.6822111606598	1.0
196	0.0	ecoli_dream5	minimal	l	biforce	0.0	0.0	0.0	0.0	204.6822111606598	1.0
197	0.0	ecoli_dream5	interconnected	l	biforce	0.0	0.0	0.0	0.0	204.6822111606598	1.0
198	0.0	ecoli_dream5	strict	l	biforce	0.0	0.0	0.0	0.0	197.5881609916687	1.5
199	0.0	ecoli_dream5	minimal	l	biforce	0.0	0.0	0.0	0.0	197.5881609916687	1.5
200	0.0	ecoli_dream5	interconnected	l	biforce	0.0	0.0	0.0	0.0	197.5881609916687	1.5
201	0.2787737847214952	ecoli_dream5	strict	l	biforce	0.026610871216092985	0.001470475949552375	0.05525846702317291	0.018518518518518517	209.52881717681885	2.0
202	0.9931924134239276	ecoli_dream5	minimal	l	biforce	0.06150075495066952	0.01317492585663678	0.14773980154355015	0.024531422271223815	209.52881717681885	2.0
203	0.5292781101457176	ecoli_dream5	interconnected	l	biforce	0.033709262169097254	0.0025664445575300987	0.07613469985358712	0.022222222222222216	209.52881717681885	2.0
204	0.2787737847214952	ecoli_dream5	strict	l	biforce	0.026610871216092985	0.001470475949552375	0.05525846702317291	0.018518518518518517	167.45071601867676	5.0
205	0.9931924134239276	ecoli_dream5	minimal	l	biforce	0.06150075495066952	0.01317492585663678	0.14773980154355015	0.024531422271223815	167.45071601867676	5.0
206	0.5292781101457176	ecoli_dream5	interconnected	l	biforce	0.033709262169097254	0.0025664445575300987	0.07613469985358712	0.022222222222222216	167.45071601867676	5.0
207	0.2787737847214952	ecoli_dream5	strict	l	biforce	0.026610871216092985	0.001470475949552375	0.05525846702317291	0.018518518518518517	191.4317569732666	10.0
208	0.9931924134239276	ecoli_dream5	minimal	l	biforce	0.06150075495066952	0.01317492585663678	0.14773980154355015	0.024531422271223815	191.4317569732666	10.0
209	0.5292781101457176	ecoli_dream5	interconnected	l	biforce	0.033709262169097254	0.0025664445575300987	0.07613469985358712	0.022222222222222216	191.4317569732666	10.0
210	0.2787737847214952	ecoli_dream5	strict	h	biforce	0.026610871216092985	0.001470475949552375	0.05525846702317291	0.018518518518518517	144.9843020439148	0.0
211	0.9931924134239276	ecoli_dream5	minimal	h	biforce	0.06150075495066952	0.01317492585663678	0.14773980154355015	0.024531422271223815	144.9843020439148	0.0
212	0.5292781101457176	ecoli_dream5	interconnected	h	biforce	0.033709262169097254	0.0025664445575300987	0.07613469985358712	0.022222222222222216	144.9843020439148	0.0
213	0.2787737847214952	ecoli_dream5	strict	h	biforce	0.026610871216092985	0.001470475949552375	0.05525846702317291	0.018518518518518517	163.39768409729004	0.1
214	0.9931924134239276	ecoli_dream5	minimal	h	biforce	0.06150075495066952	0.01317492585663678	0.14773980154355015	0.024531422271223815	163.39768409729004	0.1
215	0.5292781101457176	ecoli_dream5	interconnected	h	biforce	0.033709262169097254	0.0025664445575300987	0.07613469985358712	0.022222222222222216	163.39768409729004	0.1
216	0.2787737847214952	ecoli_dream5	strict	h	biforce	0.026610871216092985	0.001470475949552375	0.05525846702317291	0.018518518518518517	179.14152479171753	0.2
217	0.9931924134239276	ecoli_dream5	minimal	h	biforce	0.06150075495066952	0.01317492585663678	0.14773980154355015	0.024531422271223815	179.14152479171753	0.2
218	0.5292781101457176	ecoli_dream5	interconnected	h	biforce	0.033709262169097254	0.0025664445575300987	0.07613469985358712	0.022222222222222216	179.14152479171753	0.2
219	0.2787737847214952	ecoli_dream5	strict	h	biforce	0.026610871216092985	0.001470475949552375	0.05525846702317291	0.018518518518518517	147.5450210571289	0.5
220	0.9931924134239276	ecoli_dream5	minimal	h	biforce	0.06150075495066952	0.01317492585663678	0.14773980154355015	0.024531422271223815	147.5450210571289	0.5
221	0.5292781101457176	ecoli_dream5	interconnected	h	biforce	0.033709262169097254	0.0025664445575300987	0.07613469985358712	0.022222222222222216	147.5450210571289	0.5
222	0.2787737847214952	ecoli_dream5	strict	h	biforce	0.026610871216092985	0.001470475949552375	0.05525846702317291	0.018518518518518517	180.436940908432	0.75
223	0.9931924134239276	ecoli_dream5	minimal	h	biforce	0.06150075495066952	0.01317492585663678	0.14773980154355015	0.024531422271223815	180.436940908432	0.75
224	0.5292781101457176	ecoli_dream5	interconnected	h	biforce	0.033709262169097254	0.0025664445575300987	0.07613469985358712	0.022222222222222216	180.436940908432	0.75
225	0.2787737847214952	ecoli_dream5	strict	h	biforce	0.026610871216092985	0.001470475949552375	0.05525846702317291	0.018518518518518517	166.05740594863892	1.0
226	0.9931924134239276	ecoli_dream5	minimal	h	biforce	0.06150075495066952	0.01317492585663678	0.14773980154355015	0.024531422271223815	166.05740594863892	1.0
227	0.5292781101457176	ecoli_dream5	interconnected	h	biforce	0.033709262169097254	0.0025664445575300987	0.07613469985358712	0.022222222222222216	166.05740594863892	1.0
228	0.2787737847214952	ecoli_dream5	strict	h	biforce	0.026610871216092985	0.001470475949552375	0.05525846702317291	0.018518518518518517	156.54330897331238	1.5
229	0.9923453170532321	ecoli_dream5	minimal	h	biforce	0.061074126275776415	0.013135450585315832	0.1479028697571744	0.02452450944997876	156.54330897331238	1.5
230	0.5290730359290933	ecoli_dream5	interconnected	h	biforce	0.0335560419827157	0.0025636640317568673	0.07624633431085044	0.02222074330419865	156.54330897331238	1.5
231	0.27855802603132906	ecoli_dream5	strict	h	biforce	0.026455322704500548	0.0014681554439957805	0.055357142857142855	0.018517280649633587	162.35993599891663	2.0
232	0.9936643197318406	ecoli_dream5	minimal	h	biforce	0.06103519108642963	0.013171942228814766	0.14823008849557523	0.02454703059045943	162.35993599891663	2.0
233	0.5288049738423598	ecoli_dream5	interconnected	h	biforce	0.03338907014095289	0.002560199422152124	0.0763582966226138	0.022219160005148345	162.35993599891663	2.0
234	0.44140234244983256	ecoli_dream5	strict	h	biforce	0.029758507004336254	0.002356993428922228	0.08837704918032788	0.029685502023681698	176.28838896751404	5.0
235	1.1748565273710108	ecoli_dream5	minimal	h	biforce	0.05242193993555086	0.012745606597483878	0.14005988023952098	0.03298062846360101	176.28838896751404	5.0
236	0.6251781954802357	ecoli_dream5	interconnected	h	biforce	0.03226391696466972	0.002773259949982951	0.08548895899053628	0.029469730069860253	176.28838896751404	5.0
237	0.44235644093767634	ecoli_dream5	strict	h	biforce	0.030439728491064997	0.0023823576092932086	0.0829107505070994	0.030000564884759603	166.6518039703369	10.0
238	1.182284074233589	ecoli_dream5	minimal	h	biforce	0.05275194560602499	0.012767712465906638	0.14014176712266918	0.033288838344835564	166.6518039703369	10.0
239	0.6524186363983985	ecoli_dream5	interconnected	h	biforce	0.03261711688873274	0.0029251102577803932	0.09138358103326255	0.03025941737606621	166.6518039703369	10.0
240	0.6135824639824818	yeast_gpl2529	strict	o	biforce	0.04697072474865607	0.005753105590062113	0.121875	0.03332522066458982	541.3643901348114	0.0
241	1.0896565248426817	yeast_gpl2529	minimal	o	biforce	0.06274459546244006	0.011560538733707796	0.13552361396303902	0.040690131153284244	541.3643901348114	0.0
242	0.7226049151625673	yeast_gpl2529	interconnected	o	biforce	0.04729868837064365	0.004772612053656988	0.10025706940874037	0.03702556290388338	541.3643901348114	0.0
243	0.8639921153873044	yeast_gpl2529	strict	o	biforce	0.029830612989757265	0.008219642784373402	0.11913398692810458	0.06065204443258798	734.419399023056	0.1
244	1.4238309781416165	yeast_gpl2529	minimal	o	biforce	0.03561020767280395	0.01595692001738229	0.12479442960026199	0.06692888708949657	734.419399023056	0.1
245	1.0021813486894402	yeast_gpl2529	interconnected	o	biforce	0.02974497240441196	0.006991549988660407	0.10278288246667695	0.06345409509039562	734.419399023056	0.1
246	1.1542573072512816	yeast_gpl2529	strict	o	biforce	0.03030955693209249	0.012994465647400234	0.14176531485592206	0.08056285869404743	919.2308211326599	0.2
247	1.477335943878025	yeast_gpl2529	minimal	o	biforce	0.025647344653239913	0.01625547340980299	0.1257024487981363	0.07947515725908724	919.2308211326599	0.2
248	1.2789608595686344	yeast_gpl2529	interconnected	o	biforce	0.025943207028654436	0.010261157804164202	0.12491065820099895	0.08167384402700668	919.2308211326599	0.2
249	2.2169537975802722	yeast_gpl2529	strict	o	biforce	0.04835504129434803	0.039633021781472405	0.20578853428937383	0.14676103445112604	1246.4971950054169	0.5
250	2.4106197569199757	yeast_gpl2529	minimal	o	biforce	0.0348108210728361	0.04188411370342113	0.16693492349509137	0.13000148764135183	1246.4971950054169	0.5
251	2.3704818910123917	yeast_gpl2529	interconnected	o	biforce	0.03898784328388243	0.030834659499123906	0.17736697330847193	0.1422326376007531	1246.4971950054169	0.5
252	0.6130127789015861	yeast_gpl2529	strict	o	biforce	0.04741329424019134	0.0057426039607685175	0.12111801242236025	0.03333333333333333	651.6153430938721	0.75
253	1.0954756944254147	yeast_gpl2529	minimal	o	biforce	0.06375905929044975	0.011742896242212003	0.13673469387755102	0.04065085493656922	651.6153430938721	0.75
254	0.7215806509870202	yeast_gpl2529	interconnected	o	biforce	0.04787067888379841	0.004762644072622802	0.09948979591836735	0.037037037037037035	651.6153430938721	0.75
255	0.6130127789015861	yeast_gpl2529	strict	o	biforce	0.04741329424019134	0.0057426039607685175	0.12111801242236025	0.03333333333333333	691.7645010948181	1.0
256	1.0954756944254147	yeast_gpl2529	minimal	o	biforce	0.06375905929044975	0.011742896242212003	0.13673469387755102	0.04065085493656922	691.7645010948181	1.0
257	0.7215806509870202	yeast_gpl2529	interconnected	o	biforce	0.04787067888379841	0.004762644072622802	0.09948979591836735	0.037037037037037035	691.7645010948181	1.0
258	0.6130127789015861	yeast_gpl2529	strict	o	biforce	0.04741329424019134	0.0057426039607685175	0.12111801242236025	0.03333333333333333	775.5913059711456	1.5
259	1.0954756944254147	yeast_gpl2529	minimal	o	biforce	0.06375905929044975	0.011742896242212003	0.13673469387755102	0.04065085493656922	775.5913059711456	1.5
260	0.7215806509870202	yeast_gpl2529	interconnected	o	biforce	0.04787067888379841	0.004762644072622802	0.09948979591836735	0.037037037037037035	775.5913059711456	1.5
261	0.6130127789015861	yeast_gpl2529	strict	o	biforce	0.04741329424019134	0.0057426039607685175	0.12111801242236025	0.03333333333333333	703.4719898700714	2.0
262	1.0954756944254147	yeast_gpl2529	minimal	o	biforce	0.06375905929044975	0.011742896242212003	0.13673469387755102	0.04065085493656922	703.4719898700714	2.0
263	0.7215806509870202	yeast_gpl2529	interconnected	o	biforce	0.04787067888379841	0.004762644072622802	0.09948979591836735	0.037037037037037035	703.4719898700714	2.0
264	0.6130127789015861	yeast_gpl2529	strict	o	biforce	0.04741329424019134	0.0057426039607685175	0.12111801242236025	0.03333333333333333	761.4915590286255	5.0
265	1.0954756944254147	yeast_gpl2529	minimal	o	biforce	0.06375905929044975	0.011742896242212003	0.13673469387755102	0.04065085493656922	761.4915590286255	5.0
266	0.7215806509870202	yeast_gpl2529	interconnected	o	biforce	0.04787067888379841	0.004762644072622802	0.09948979591836735	0.037037037037037035	761.4915590286255	5.0
267	0.6130127789015861	yeast_gpl2529	strict	o	biforce	0.04741329424019134	0.0057426039607685175	0.12111801242236025	0.03333333333333333	731.642422914505	10.0
268	1.0954756944254147	yeast_gpl2529	minimal	o	biforce	0.06375905929044975	0.011742896242212003	0.13673469387755102	0.04065085493656922	731.642422914505	10.0
269	0.7215806509870202	yeast_gpl2529	interconnected	o	biforce	0.04787067888379841	0.004762644072622802	0.09948979591836735	0.037037037037037035	731.642422914505	10.0
270	0.6139173619298962	yeast_gpl2529	strict	u	biforce	0.04676267173330681	0.005759476244453191	0.12225705329153605	0.033321251306165096	623.6750059127808	0.0
271	1.096081776858909	yeast_gpl2529	minimal	u	biforce	0.06278517922892907	0.011749425675874177	0.13786008230452676	0.0406318935864909	623.6750059127808	0.0
272	0.7221044288501077	yeast_gpl2529	interconnected	u	biforce	0.04691843397893924	0.004763540552792486	0.10051546391752578	0.03701936903643633	623.6750059127808	0.0
273	0.6130127789015861	yeast_gpl2529	strict	u	biforce	0.04741329424019134	0.0057426039607685175	0.12111801242236025	0.03333333333333333	582.08167719841	0.1
274	1.0954756944254147	yeast_gpl2529	minimal	u	biforce	0.06375905929044975	0.011742896242212003	0.13673469387755102	0.04065085493656922	582.08167719841	0.1
275	0.7215806509870202	yeast_gpl2529	interconnected	u	biforce	0.04787067888379841	0.004762644072622802	0.09948979591836735	0.037037037037037035	582.08167719841	0.1
276	0.6130127789015861	yeast_gpl2529	strict	u	biforce	0.04741329424019134	0.0057426039607685175	0.12111801242236025	0.03333333333333333	700.5276861190796	0.2
277	1.0954756944254147	yeast_gpl2529	minimal	u	biforce	0.06375905929044975	0.011742896242212003	0.13673469387755102	0.04065085493656922	700.5276861190796	0.2
278	0.7215806509870202	yeast_gpl2529	interconnected	u	biforce	0.04787067888379841	0.004762644072622802	0.09948979591836735	0.037037037037037035	700.5276861190796	0.2
279	0.6130127789015861	yeast_gpl2529	strict	u	biforce	0.04741329424019134	0.0057426039607685175	0.12111801242236025	0.03333333333333333	518.3184940814972	0.5
280	1.0954756944254147	yeast_gpl2529	minimal	u	biforce	0.06375905929044975	0.011742896242212003	0.13673469387755102	0.04065085493656922	518.3184940814972	0.5
281	0.7215806509870202	yeast_gpl2529	interconnected	u	biforce	0.04787067888379841	0.004762644072622802	0.09948979591836735	0.037037037037037035	518.3184940814972	0.5
282	0.6130127789015861	yeast_gpl2529	strict	u	biforce	0.04741329424019134	0.0057426039607685175	0.12111801242236025	0.03333333333333333	500.3056709766388	0.75
283	1.0954756944254147	yeast_gpl2529	minimal	u	biforce	0.06375905929044975	0.011742896242212003	0.13673469387755102	0.04065085493656922	500.3056709766388	0.75
284	0.7215806509870202	yeast_gpl2529	interconnected	u	biforce	0.04787067888379841	0.004762644072622802	0.09948979591836735	0.037037037037037035	500.3056709766388	0.75
285	0.6130127789015861	yeast_gpl2529	strict	u	biforce	0.04741329424019134	0.0057426039607685175	0.12111801242236025	0.03333333333333333	513.0128211975098	1.0
286	1.0954756944254147	yeast_gpl2529	minimal	u	biforce	0.06375905929044975	0.011742896242212003	0.13673469387755102	0.04065085493656922	513.0128211975098	1.0
287	0.7215806509870202	yeast_gpl2529	interconnected	u	biforce	0.04787067888379841	0.004762644072622802	0.09948979591836735	0.037037037037037035	513.0128211975098	1.0
288	0.6130127789015861	yeast_gpl2529	strict	u	biforce	0.04741329424019134	0.0057426039607685175	0.12111801242236025	0.03333333333333333	498.16650104522705	1.5
289	1.0954756944254147	yeast_gpl2529	minimal	u	biforce	0.06375905929044975	0.011742896242212003	0.13673469387755102	0.04065085493656922	498.16650104522705	1.5
290	0.7215806509870202	yeast_gpl2529	interconnected	u	biforce	0.04787067888379841	0.004762644072622802	0.09948979591836735	0.037037037037037035	498.16650104522705	1.5
291	0.6130127789015861	yeast_gpl2529	strict	u	biforce	0.04741329424019134	0.0057426039607685175	0.12111801242236025	0.03333333333333333	492.9684019088745	2.0
292	1.0954756944254147	yeast_gpl2529	minimal	u	biforce	0.06375905929044975	0.011742896242212003	0.13673469387755102	0.04065085493656922	492.9684019088745	2.0
293	0.7215806509870202	yeast_gpl2529	interconnected	u	biforce	0.04787067888379841	0.004762644072622802	0.09948979591836735	0.037037037037037035	492.9684019088745	2.0
294	0.6130127789015861	yeast_gpl2529	strict	u	biforce	0.04741329424019134	0.0057426039607685175	0.12111801242236025	0.03333333333333333	480.258651971817	5.0
295	1.0954756944254147	yeast_gpl2529	minimal	u	biforce	0.06375905929044975	0.011742896242212003	0.13673469387755102	0.04065085493656922	480.258651971817	5.0
296	0.7215806509870202	yeast_gpl2529	interconnected	u	biforce	0.04787067888379841	0.004762644072622802	0.09948979591836735	0.037037037037037035	480.258651971817	5.0
297	0.6130127789015861	yeast_gpl2529	strict	u	biforce	0.04741329424019134	0.0057426039607685175	0.12111801242236025	0.03333333333333333	509.72954392433167	10.0
298	1.0954756944254147	yeast_gpl2529	minimal	u	biforce	0.06375905929044975	0.011742896242212003	0.13673469387755102	0.04065085493656922	509.72954392433167	10.0
299	0.7215806509870202	yeast_gpl2529	interconnected	u	biforce	0.04787067888379841	0.004762644072622802	0.09948979591836735	0.037037037037037035	509.72954392433167	10.0
300	0.6130127789015861	yeast_gpl2529	strict	l	biforce	0.04741329424019134	0.0057426039607685175	0.12111801242236025	0.03333333333333333	673.7239398956299	0.0
301	1.0954756944254147	yeast_gpl2529	minimal	l	biforce	0.06375905929044975	0.011742896242212003	0.13673469387755102	0.04065085493656922	673.7239398956299	0.0
302	0.7215806509870202	yeast_gpl2529	interconnected	l	biforce	0.04787067888379841	0.004762644072622802	0.09948979591836735	0.037037037037037035	673.7239398956299	0.0
303	0.6130127789015861	yeast_gpl2529	strict	l	biforce	0.04741329424019134	0.0057426039607685175	0.12111801242236025	0.03333333333333333	645.4658060073853	0.1
304	1.0954756944254147	yeast_gpl2529	minimal	l	biforce	0.06375905929044975	0.011742896242212003	0.13673469387755102	0.04065085493656922	645.4658060073853	0.1
305	0.7215806509870202	yeast_gpl2529	interconnected	l	biforce	0.04787067888379841	0.004762644072622802	0.09948979591836735	0.037037037037037035	645.4658060073853	0.1
306	0.6130127789015861	yeast_gpl2529	strict	l	biforce	0.04741329424019134	0.0057426039607685175	0.12111801242236025	0.03333333333333333	671.2197418212891	0.2
307	1.0954756944254147	yeast_gpl2529	minimal	l	biforce	0.06375905929044975	0.011742896242212003	0.13673469387755102	0.04065085493656922	671.2197418212891	0.2
308	0.7215806509870202	yeast_gpl2529	interconnected	l	biforce	0.04787067888379841	0.004762644072622802	0.09948979591836735	0.037037037037037035	671.2197418212891	0.2
309	0.6130127789015861	yeast_gpl2529	strict	l	biforce	0.04741329424019134	0.0057426039607685175	0.12111801242236025	0.03333333333333333	687.9813821315765	0.5
310	1.0954756944254147	yeast_gpl2529	minimal	l	biforce	0.06375905929044975	0.011742896242212003	0.13673469387755102	0.04065085493656922	687.9813821315765	0.5
311	0.7215806509870202	yeast_gpl2529	interconnected	l	biforce	0.04787067888379841	0.004762644072622802	0.09948979591836735	0.037037037037037035	687.9813821315765	0.5
312	0.6130127789015861	yeast_gpl2529	strict	l	biforce	0.04741329424019134	0.0057426039607685175	0.12111801242236025	0.03333333333333333	742.6784179210663	0.75
313	1.0954756944254147	yeast_gpl2529	minimal	l	biforce	0.06375905929044975	0.011742896242212003	0.13673469387755102	0.04065085493656922	742.6784179210663	0.75
314	0.7215806509870202	yeast_gpl2529	interconnected	l	biforce	0.04787067888379841	0.004762644072622802	0.09948979591836735	0.037037037037037035	742.6784179210663	0.75
315	0.6130127789015861	yeast_gpl2529	strict	l	biforce	0.04741329424019134	0.0057426039607685175	0.12111801242236025	0.03333333333333333	715.554169178009	1.0
316	1.0954756944254147	yeast_gpl2529	minimal	l	biforce	0.06375905929044975	0.011742896242212003	0.13673469387755102	0.04065085493656922	715.554169178009	1.0
317	0.7215806509870202	yeast_gpl2529	interconnected	l	biforce	0.04787067888379841	0.004762644072622802	0.09948979591836735	0.037037037037037035	715.554169178009	1.0
318	0.6130127789015861	yeast_gpl2529	strict	l	biforce	0.04741329424019134	0.0057426039607685175	0.12111801242236025	0.03333333333333333	706.0322499275208	1.5
319	1.0954756944254147	yeast_gpl2529	minimal	l	biforce	0.06375905929044975	0.011742896242212003	0.13673469387755102	0.04065085493656922	706.0322499275208	1.5
320	0.7215806509870202	yeast_gpl2529	interconnected	l	biforce	0.04787067888379841	0.004762644072622802	0.09948979591836735	0.037037037037037035	706.0322499275208	1.5
321	0.6130127789015861	yeast_gpl2529	strict	l	biforce	0.04741329424019134	0.0057426039607685175	0.12111801242236025	0.03333333333333333	727.1822209358215	2.0
322	1.0954756944254147	yeast_gpl2529	minimal	l	biforce	0.06375905929044975	0.011742896242212003	0.13673469387755102	0.04065085493656922	727.1822209358215	2.0
323	0.7215806509870202	yeast_gpl2529	interconnected	l	biforce	0.04787067888379841	0.004762644072622802	0.09948979591836735	0.037037037037037035	727.1822209358215	2.0
324	0.6130127789015861	yeast_gpl2529	strict	l	biforce	0.04741329424019134	0.0057426039607685175	0.12111801242236025	0.03333333333333333	727.8731210231781	5.0
325	1.0954756944254147	yeast_gpl2529	minimal	l	biforce	0.06375905929044975	0.011742896242212003	0.13673469387755102	0.04065085493656922	727.8731210231781	5.0
326	0.7215806509870202	yeast_gpl2529	interconnected	l	biforce	0.04787067888379841	0.004762644072622802	0.09948979591836735	0.037037037037037035	727.8731210231781	5.0
327	0.6130127789015861	yeast_gpl2529	strict	l	biforce	0.04741329424019134	0.0057426039607685175	0.12111801242236025	0.03333333333333333	711.5581500530243	10.0
328	1.0954756944254147	yeast_gpl2529	minimal	l	biforce	0.06375905929044975	0.011742896242212003	0.13673469387755102	0.04065085493656922	711.5581500530243	10.0
329	0.7215806509870202	yeast_gpl2529	interconnected	l	biforce	0.04787067888379841	0.004762644072622802	0.09948979591836735	0.037037037037037035	711.5581500530243	10.0
330	0.6130127789015861	yeast_gpl2529	strict	h	biforce	0.04741329424019134	0.0057426039607685175	0.12111801242236025	0.03333333333333333	496.2578628063202	0.0
331	1.0954756944254147	yeast_gpl2529	minimal	h	biforce	0.06375905929044975	0.011742896242212003	0.13673469387755102	0.04065085493656922	496.2578628063202	0.0
332	0.7215806509870202	yeast_gpl2529	interconnected	h	biforce	0.04787067888379841	0.004762644072622802	0.09948979591836735	0.037037037037037035	496.2578628063202	0.0
333	0.6130127789015861	yeast_gpl2529	strict	h	biforce	0.04741329424019134	0.0057426039607685175	0.12111801242236025	0.03333333333333333	551.6702928543091	0.1
334	1.0954756944254147	yeast_gpl2529	minimal	h	biforce	0.06375905929044975	0.011742896242212003	0.13673469387755102	0.04065085493656922	551.6702928543091	0.1
335	0.7215806509870202	yeast_gpl2529	interconnected	h	biforce	0.04787067888379841	0.004762644072622802	0.09948979591836735	0.037037037037037035	551.6702928543091	0.1
336	0.6130127789015861	yeast_gpl2529	strict	h	biforce	0.04741329424019134	0.0057426039607685175	0.12111801242236025	0.03333333333333333	533.1509130001068	0.2
337	1.0954756944254147	yeast_gpl2529	minimal	h	biforce	0.06375905929044975	0.011742896242212003	0.13673469387755102	0.04065085493656922	533.1509130001068	0.2
338	0.7215806509870202	yeast_gpl2529	interconnected	h	biforce	0.04787067888379841	0.004762644072622802	0.09948979591836735	0.037037037037037035	533.1509130001068	0.2
339	0.6130127789015861	yeast_gpl2529	strict	h	biforce	0.04741329424019134	0.0057426039607685175	0.12111801242236025	0.03333333333333333	497.3387608528137	0.5
340	1.0954756944254147	yeast_gpl2529	minimal	h	biforce	0.06375905929044975	0.011742896242212003	0.13673469387755102	0.04065085493656922	497.3387608528137	0.5
341	0.7215806509870202	yeast_gpl2529	interconnected	h	biforce	0.04787067888379841	0.004762644072622802	0.09948979591836735	0.037037037037037035	497.3387608528137	0.5
342	0.6130127789015861	yeast_gpl2529	strict	h	biforce	0.04741329424019134	0.0057426039607685175	0.12111801242236025	0.03333333333333333	628.4445669651031	0.75
343	1.0954756944254147	yeast_gpl2529	minimal	h	biforce	0.06375905929044975	0.011742896242212003	0.13673469387755102	0.04065085493656922	628.4445669651031	0.75
344	0.7215806509870202	yeast_gpl2529	interconnected	h	biforce	0.04787067888379841	0.004762644072622802	0.09948979591836735	0.037037037037037035	628.4445669651031	0.75
345	0.6130127789015861	yeast_gpl2529	strict	h	biforce	0.04741329424019134	0.0057426039607685175	0.12111801242236025	0.03333333333333333	597.1578469276428	1.0
346	1.0954756944254147	yeast_gpl2529	minimal	h	biforce	0.06375905929044975	0.011742896242212003	0.13673469387755102	0.04065085493656922	597.1578469276428	1.0
347	0.7215806509870202	yeast_gpl2529	interconnected	h	biforce	0.04787067888379841	0.004762644072622802	0.09948979591836735	0.037037037037037035	597.1578469276428	1.0
348	0.6133557321014376	yeast_gpl2529	strict	h	biforce	0.04720797074685436	0.005749053277411555	0.12149532710280374	0.033329463439174936	618.5914170742035	1.5
349	1.0973458347911578	yeast_gpl2529	minimal	h	biforce	0.06328541803789851	0.011781360419733423	0.1375770020533881	0.0406689341578425	618.5914170742035	1.5
350	0.7236693266507325	yeast_gpl2529	interconnected	h	biforce	0.04754021654041799	0.004788391457057975	0.10025706940874037	0.037028492469794956	618.5914170742035	1.5
351	0.6140308437423486	yeast_gpl2529	strict	h	biforce	0.047090274490848454	0.0057625679347826095	0.121875	0.033326518691588786	614.4483370780945	2.0
352	1.0948742017527187	yeast_gpl2529	minimal	h	biforce	0.06289755075273117	0.011724860624228952	0.1375770020533881	0.04060627261388026	614.4483370780945	2.0
353	0.7219818820360486	yeast_gpl2529	interconnected	h	biforce	0.04715751488167645	0.0047634074016730775	0.10025706940874037	0.037023853990434966	614.4483370780945	2.0
354	0.6139173619298962	yeast_gpl2529	strict	h	biforce	0.04676267173330681	0.005759476244453191	0.12225705329153605	0.033321251306165096	616.5679168701172	5.0
355	1.096081776858909	yeast_gpl2529	minimal	h	biforce	0.06278517922892907	0.011749425675874177	0.13786008230452676	0.0406318935864909	616.5679168701172	5.0
356	0.7221044288501077	yeast_gpl2529	interconnected	h	biforce	0.04691843397893924	0.004763540552792486	0.10051546391752578	0.03701936903643633	616.5679168701172	5.0
357	0.6139173619298962	yeast_gpl2529	strict	h	biforce	0.04676267173330681	0.005759476244453191	0.12225705329153605	0.033321251306165096	622.0075080394745	10.0
358	1.096081776858909	yeast_gpl2529	minimal	h	biforce	0.06278517922892907	0.011749425675874177	0.13786008230452676	0.0406318935864909	622.0075080394745	10.0
359	0.7221044288501077	yeast_gpl2529	interconnected	h	biforce	0.04691843397893924	0.004763540552792486	0.10051546391752578	0.03701936903643633	622.0075080394745	10.0
360	0.6392163564059573	yeast_dream5	strict	o	biforce	0.041256886836633935	0.004774112984550039	0.1157167530224525	0.023809523809523808	196.9537808895111	0.0
361	1.0906293432514773	yeast_dream5	minimal	o	biforce	0.05136557520927803	0.007979447480890935	0.09782608695652174	0.028584368530020703	196.9537808895111	0.0
362	0.6298525953931414	yeast_dream5	interconnected	o	biforce	0.03308682181061581	0.0026332072721251356	0.07958477508650519	0.021276595744680847	196.9537808895111	0.0
363	0.9035474156024897	yeast_dream5	strict	o	biforce	0.02559143737740644	0.006009604167313211	0.10783078330248141	0.04507664087675772	302.47085213661194	0.1
364	1.4075115209665034	yeast_dream5	minimal	o	biforce	0.026032136266488006	0.009460843454211155	0.11025498061921843	0.043867260777153486	302.47085213661194	0.1
365	0.9215758524568626	yeast_dream5	interconnected	o	biforce	0.02148676759785458	0.003653279112696664	0.08665743061969476	0.03875202067533611	302.47085213661194	0.1
366	1.1331232700160023	yeast_dream5	strict	o	biforce	0.023701646744938482	0.008849874726850122	0.13043733088964046	0.05446592916293681	303.99692487716675	0.2
367	1.5633051565841607	yeast_dream5	minimal	o	biforce	0.021320171585552952	0.01217799382742236	0.10670337304634309	0.0515629770127119	303.99692487716675	0.2
368	1.176206507201723	yeast_dream5	interconnected	o	biforce	0.019076750507784897	0.005512485292023164	0.10573421407782514	0.04708227086220139	303.99692487716675	0.2
369	1.2656055170846847	yeast_dream5	strict	o	biforce	0.017525896843236827	0.010687446080011428	0.11083347219300796	0.07687786788306943	510.79682302474976	0.5
370	1.6395351420732918	yeast_dream5	minimal	o	biforce	0.010712919737747004	0.015025701232416065	0.09721155141438505	0.07411611837290014	510.79682302474976	0.5
371	1.5057539926625498	yeast_dream5	interconnected	o	biforce	0.013966575069291536	0.008299406203546182	0.09741682644074112	0.07739321763746014	510.79682302474976	0.5
372	1.2766774619184715	yeast_dream5	strict	o	biforce	0.01161188656985559	0.012133149357537017	0.11484645741630384	0.09055887008781435	365.4132058620453	0.75
373	1.1078233979288619	yeast_dream5	minimal	o	biforce	0.004762339167580726	0.009822916769971213	0.07737425570145463	0.06744054661184912	365.4132058620453	0.75
374	1.2369283146328611	yeast_dream5	interconnected	o	biforce	0.007459159032173686	0.007115886405692103	0.09060646952977669	0.07267492892795942	365.4132058620453	0.75
375	0.49875543786467064	yeast_dream5	strict	o	biforce	0.0024324194261370912	0.004195877336688065	0.09570876652324614	0.06096038805573366	309.86171317100525	1.0
376	0.4564598755916404	yeast_dream5	minimal	o	biforce	0.001056236354894934	0.005252538034210334	0.07597857065644396	0.060455907692960144	309.86171317100525	1.0
377	0.6576781325007669	yeast_dream5	interconnected	o	biforce	0.0022064778734777937	0.0034618519237674364	0.08251898846731133	0.06435219797275839	309.86171317100525	1.0
378	0.13752557943254615	yeast_dream5	strict	o	biforce	0.0006073102906664588	0.0009410566405385059	0.11858974358974358	0.019810520541017652	272.12274408340454	1.5
379	0.13595083658495452	yeast_dream5	minimal	o	biforce	0.0002651531687933547	0.0019102039174682512	0.09106713523411959	0.02406085652037532	272.12274408340454	1.5
380	0.2632927654063369	yeast_dream5	interconnected	o	biforce	0.0006721472548532446	0.0014826340876408388	0.10425246176625905	0.02983005055667919	272.12274408340454	1.5
381	0.03386293826465036	yeast_dream5	strict	o	biforce	0.00011361446488929197	0.00031908589488398943	0.0967741935483871	0.007840769055962019	172.78135514259338	2.0
382	0.04446290180355827	yeast_dream5	minimal	o	biforce	7.707125042515387e-05	0.001262856921424696	0.11688311688311688	0.011178408606615196	172.78135514259338	2.0
383	0.12381763793617018	yeast_dream5	interconnected	o	biforce	0.0002772348949032584	0.0009122388711448883	0.12616099071207432	0.013356852887475328	172.78135514259338	2.0
384	0.6392163564059573	yeast_dream5	strict	o	biforce	0.041256886836633935	0.004774112984550039	0.1157167530224525	0.023809523809523808	150.96010494232178	5.0
385	1.0906293432514773	yeast_dream5	minimal	o	biforce	0.05136557520927803	0.007979447480890935	0.09782608695652174	0.028584368530020703	150.96010494232178	5.0
386	0.6298525953931414	yeast_dream5	interconnected	o	biforce	0.03308682181061581	0.0026332072721251356	0.07958477508650519	0.021276595744680847	150.96010494232178	5.0
387	0.6392163564059573	yeast_dream5	strict	o	biforce	0.041256886836633935	0.004774112984550039	0.1157167530224525	0.023809523809523808	157.2420151233673	10.0
388	1.0906293432514773	yeast_dream5	minimal	o	biforce	0.05136557520927803	0.007979447480890935	0.09782608695652174	0.028584368530020703	157.2420151233673	10.0
389	0.6298525953931414	yeast_dream5	interconnected	o	biforce	0.03308682181061581	0.0026332072721251356	0.07958477508650519	0.021276595744680847	157.2420151233673	10.0
390	0.6877097058198632	yeast_dream5	strict	u	biforce	0.04300336393211459	0.004828498217453793	0.08461967639947926	0.0295669969974766	204.15177202224731	0.0
391	1.0934628189762532	yeast_dream5	minimal	u	biforce	0.05095428623281591	0.008156390465263692	0.08101958525345622	0.030336987997649077	204.15177202224731	0.0
392	0.6524332274727285	yeast_dream5	interconnected	u	biforce	0.033752709335210934	0.0026569191836766527	0.06173913043478261	0.02472037638535233	204.15177202224731	0.0
393	0.6392163564059573	yeast_dream5	strict	u	biforce	0.041256886836633935	0.004774112984550039	0.1157167530224525	0.023809523809523808	206.64864993095398	0.1
394	1.0906293432514773	yeast_dream5	minimal	u	biforce	0.05136557520927803	0.007979447480890935	0.09782608695652174	0.028584368530020703	206.64864993095398	0.1
395	0.6298525953931414	yeast_dream5	interconnected	u	biforce	0.03308682181061581	0.0026332072721251356	0.07958477508650519	0.021276595744680847	206.64864993095398	0.1
396	0.6392163564059573	yeast_dream5	strict	u	biforce	0.041256886836633935	0.004774112984550039	0.1157167530224525	0.023809523809523808	193.7466390132904	0.2
397	1.0906293432514773	yeast_dream5	minimal	u	biforce	0.05136557520927803	0.007979447480890935	0.09782608695652174	0.028584368530020703	193.7466390132904	0.2
398	0.6298525953931414	yeast_dream5	interconnected	u	biforce	0.03308682181061581	0.0026332072721251356	0.07958477508650519	0.021276595744680847	193.7466390132904	0.2
399	0.6392163564059573	yeast_dream5	strict	u	biforce	0.041256886836633935	0.004774112984550039	0.1157167530224525	0.023809523809523808	191.62721300125122	0.5
400	1.0906293432514773	yeast_dream5	minimal	u	biforce	0.05136557520927803	0.007979447480890935	0.09782608695652174	0.028584368530020703	191.62721300125122	0.5
401	0.6298525953931414	yeast_dream5	interconnected	u	biforce	0.03308682181061581	0.0026332072721251356	0.07958477508650519	0.021276595744680847	191.62721300125122	0.5
402	0.6392163564059573	yeast_dream5	strict	u	biforce	0.041256886836633935	0.004774112984550039	0.1157167530224525	0.023809523809523808	180.50534987449646	0.75
403	1.0906293432514773	yeast_dream5	minimal	u	biforce	0.05136557520927803	0.007979447480890935	0.09782608695652174	0.028584368530020703	180.50534987449646	0.75
404	0.6298525953931414	yeast_dream5	interconnected	u	biforce	0.03308682181061581	0.0026332072721251356	0.07958477508650519	0.021276595744680847	180.50534987449646	0.75
405	0.6392163564059573	yeast_dream5	strict	u	biforce	0.041256886836633935	0.004774112984550039	0.1157167530224525	0.023809523809523808	154.47862005233765	1.0
406	1.0906293432514773	yeast_dream5	minimal	u	biforce	0.05136557520927803	0.007979447480890935	0.09782608695652174	0.028584368530020703	154.47862005233765	1.0
407	0.6298525953931414	yeast_dream5	interconnected	u	biforce	0.03308682181061581	0.0026332072721251356	0.07958477508650519	0.021276595744680847	154.47862005233765	1.0
408	0.6392163564059573	yeast_dream5	strict	u	biforce	0.041256886836633935	0.004774112984550039	0.1157167530224525	0.023809523809523808	148.82585191726685	1.5
409	1.0906293432514773	yeast_dream5	minimal	u	biforce	0.05136557520927803	0.007979447480890935	0.09782608695652174	0.028584368530020703	148.82585191726685	1.5
410	0.6298525953931414	yeast_dream5	interconnected	u	biforce	0.03308682181061581	0.0026332072721251356	0.07958477508650519	0.021276595744680847	148.82585191726685	1.5
411	0.6392163564059573	yeast_dream5	strict	u	biforce	0.041256886836633935	0.004774112984550039	0.1157167530224525	0.023809523809523808	146.52810192108154	2.0
412	1.0906293432514773	yeast_dream5	minimal	u	biforce	0.05136557520927803	0.007979447480890935	0.09782608695652174	0.028584368530020703	146.52810192108154	2.0
413	0.6298525953931414	yeast_dream5	interconnected	u	biforce	0.03308682181061581	0.0026332072721251356	0.07958477508650519	0.021276595744680847	146.52810192108154	2.0
414	0.6392163564059573	yeast_dream5	strict	u	biforce	0.041256886836633935	0.004774112984550039	0.1157167530224525	0.023809523809523808	143.8030698299408	5.0
415	1.0906293432514773	yeast_dream5	minimal	u	biforce	0.05136557520927803	0.007979447480890935	0.09782608695652174	0.028584368530020703	143.8030698299408	5.0
416	0.6298525953931414	yeast_dream5	interconnected	u	biforce	0.03308682181061581	0.0026332072721251356	0.07958477508650519	0.021276595744680847	143.8030698299408	5.0
417	0.6392163564059573	yeast_dream5	strict	u	biforce	0.041256886836633935	0.004774112984550039	0.1157167530224525	0.023809523809523808	116.2356128692627	10.0
418	1.0906293432514773	yeast_dream5	minimal	u	biforce	0.05136557520927803	0.007979447480890935	0.09782608695652174	0.028584368530020703	116.2356128692627	10.0
419	0.6298525953931414	yeast_dream5	interconnected	u	biforce	0.03308682181061581	0.0026332072721251356	0.07958477508650519	0.021276595744680847	116.2356128692627	10.0
420	0.0	yeast_dream5	strict	l	biforce	0.0	0.0	0.0	0.0	236.0140359401703	0.0
421	0.0	yeast_dream5	minimal	l	biforce	0.0	0.0	0.0	0.0	236.0140359401703	0.0
422	0.0	yeast_dream5	interconnected	l	biforce	0.0	0.0	0.0	0.0	236.0140359401703	0.0
423	0.0	yeast_dream5	strict	l	biforce	0.0	0.0	0.0	0.0	204.58192920684814	0.1
424	0.0	yeast_dream5	minimal	l	biforce	0.0	0.0	0.0	0.0	204.58192920684814	0.1
425	0.0	yeast_dream5	interconnected	l	biforce	0.0	0.0	0.0	0.0	204.58192920684814	0.1
426	0.0	yeast_dream5	strict	l	biforce	0.0	0.0	0.0	0.0	211.90627312660217	0.2
427	0.0	yeast_dream5	minimal	l	biforce	0.0	0.0	0.0	0.0	211.90627312660217	0.2
428	0.0	yeast_dream5	interconnected	l	biforce	0.0	0.0	0.0	0.0	211.90627312660217	0.2
429	0.0	yeast_dream5	strict	l	biforce	0.0	0.0	0.0	0.0	207.15466594696045	0.5
430	0.0	yeast_dream5	minimal	l	biforce	0.0	0.0	0.0	0.0	207.15466594696045	0.5
431	0.0	yeast_dream5	interconnected	l	biforce	0.0	0.0	0.0	0.0	207.15466594696045	0.5
432	0.0	yeast_dream5	strict	l	biforce	0.0	0.0	0.0	0.0	204.64094591140747	0.75
433	0.0	yeast_dream5	minimal	l	biforce	0.0	0.0	0.0	0.0	204.64094591140747	0.75
434	0.0	yeast_dream5	interconnected	l	biforce	0.0	0.0	0.0	0.0	204.64094591140747	0.75
435	0.0	yeast_dream5	strict	l	biforce	0.0	0.0	0.0	0.0	218.68399906158447	1.0
436	0.0	yeast_dream5	minimal	l	biforce	0.0	0.0	0.0	0.0	218.68399906158447	1.0
437	0.0	yeast_dream5	interconnected	l	biforce	0.0	0.0	0.0	0.0	218.68399906158447	1.0
438	0.0	yeast_dream5	strict	l	biforce	0.0	0.0	0.0	0.0	163.54480504989624	1.5
439	0.0	yeast_dream5	minimal	l	biforce	0.0	0.0	0.0	0.0	163.54480504989624	1.5
440	0.0	yeast_dream5	interconnected	l	biforce	0.0	0.0	0.0	0.0	163.54480504989624	1.5
441	0.0	yeast_dream5	strict	l	biforce	0.0	0.0	0.0	0.0	175.245845079422	2.0
442	0.0	yeast_dream5	minimal	l	biforce	0.0	0.0	0.0	0.0	175.245845079422	2.0
443	0.0	yeast_dream5	interconnected	l	biforce	0.0	0.0	0.0	0.0	175.245845079422	2.0
444	0.6392163564059573	yeast_dream5	strict	l	biforce	0.041256886836633935	0.004774112984550039	0.1157167530224525	0.023809523809523808	160.93058800697327	5.0
445	1.0906293432514773	yeast_dream5	minimal	l	biforce	0.05136557520927803	0.007979447480890935	0.09782608695652174	0.028584368530020703	160.93058800697327	5.0
446	0.6298525953931414	yeast_dream5	interconnected	l	biforce	0.03308682181061581	0.0026332072721251356	0.07958477508650519	0.021276595744680847	160.93058800697327	5.0
447	0.6392163564059573	yeast_dream5	strict	l	biforce	0.041256886836633935	0.004774112984550039	0.1157167530224525	0.023809523809523808	139.8273160457611	10.0
448	1.0906293432514773	yeast_dream5	minimal	l	biforce	0.05136557520927803	0.007979447480890935	0.09782608695652174	0.028584368530020703	139.8273160457611	10.0
449	0.6298525953931414	yeast_dream5	interconnected	l	biforce	0.03308682181061581	0.0026332072721251356	0.07958477508650519	0.021276595744680847	139.8273160457611	10.0
450	0.6392163564059573	yeast_dream5	strict	h	biforce	0.041256886836633935	0.004774112984550039	0.1157167530224525	0.023809523809523808	182.7431080341339	0.0
451	1.0906293432514773	yeast_dream5	minimal	h	biforce	0.05136557520927803	0.007979447480890935	0.09782608695652174	0.028584368530020703	182.7431080341339	0.0
452	0.6298525953931414	yeast_dream5	interconnected	h	biforce	0.03308682181061581	0.0026332072721251356	0.07958477508650519	0.021276595744680847	182.7431080341339	0.0
453	0.6392163564059573	yeast_dream5	strict	h	biforce	0.041256886836633935	0.004774112984550039	0.1157167530224525	0.023809523809523808	199.65778994560242	0.1
454	1.0906293432514773	yeast_dream5	minimal	h	biforce	0.05136557520927803	0.007979447480890935	0.09782608695652174	0.028584368530020703	199.65778994560242	0.1
455	0.6298525953931414	yeast_dream5	interconnected	h	biforce	0.03308682181061581	0.0026332072721251356	0.07958477508650519	0.021276595744680847	199.65778994560242	0.1
456	0.6392163564059573	yeast_dream5	strict	h	biforce	0.041256886836633935	0.004774112984550039	0.1157167530224525	0.023809523809523808	193.55515694618225	0.2
457	1.0906293432514773	yeast_dream5	minimal	h	biforce	0.05136557520927803	0.007979447480890935	0.09782608695652174	0.028584368530020703	193.55515694618225	0.2
458	0.6298525953931414	yeast_dream5	interconnected	h	biforce	0.03308682181061581	0.0026332072721251356	0.07958477508650519	0.021276595744680847	193.55515694618225	0.2
459	0.6392163564059573	yeast_dream5	strict	h	biforce	0.041256886836633935	0.004774112984550039	0.1157167530224525	0.023809523809523808	192.21797704696655	0.5
460	1.0906293432514773	yeast_dream5	minimal	h	biforce	0.05136557520927803	0.007979447480890935	0.09782608695652174	0.028584368530020703	192.21797704696655	0.5
461	0.6298525953931414	yeast_dream5	interconnected	h	biforce	0.03308682181061581	0.0026332072721251356	0.07958477508650519	0.021276595744680847	192.21797704696655	0.5
462	0.6392163564059573	yeast_dream5	strict	h	biforce	0.041256886836633935	0.004774112984550039	0.1157167530224525	0.023809523809523808	179.5205590724945	0.75
463	1.0906293432514773	yeast_dream5	minimal	h	biforce	0.05136557520927803	0.007979447480890935	0.09782608695652174	0.028584368530020703	179.5205590724945	0.75
464	0.6298525953931414	yeast_dream5	interconnected	h	biforce	0.03308682181061581	0.0026332072721251356	0.07958477508650519	0.021276595744680847	179.5205590724945	0.75
465	0.6392163564059573	yeast_dream5	strict	h	biforce	0.041256886836633935	0.004774112984550039	0.1157167530224525	0.023809523809523808	174.6718771457672	1.0
466	1.0906293432514773	yeast_dream5	minimal	h	biforce	0.05136557520927803	0.007979447480890935	0.09782608695652174	0.028584368530020703	174.6718771457672	1.0
467	0.6298525953931414	yeast_dream5	interconnected	h	biforce	0.03308682181061581	0.0026332072721251356	0.07958477508650519	0.021276595744680847	174.6718771457672	1.0
468	0.6392163564059573	yeast_dream5	strict	h	biforce	0.041256886836633935	0.004774112984550039	0.1157167530224525	0.023809523809523808	164.10729885101318	1.5
469	1.0906293432514773	yeast_dream5	minimal	h	biforce	0.05136557520927803	0.007979447480890935	0.09782608695652174	0.028584368530020703	164.10729885101318	1.5
470	0.6298525953931414	yeast_dream5	interconnected	h	biforce	0.03308682181061581	0.0026332072721251356	0.07958477508650519	0.021276595744680847	164.10729885101318	1.5
471	0.6392163564059573	yeast_dream5	strict	h	biforce	0.041256886836633935	0.004774112984550039	0.1157167530224525	0.023809523809523808	156.43927311897278	2.0
472	1.0906293432514773	yeast_dream5	minimal	h	biforce	0.05136557520927803	0.007979447480890935	0.09782608695652174	0.028584368530020703	156.43927311897278	2.0
473	0.6298525953931414	yeast_dream5	interconnected	h	biforce	0.03308682181061581	0.0026332072721251356	0.07958477508650519	0.021276595744680847	156.43927311897278	2.0
474	0.6918354751428882	yeast_dream5	strict	h	biforce	0.04254825454144584	0.004825244414910756	0.09615384615384616	0.028755230953129374	148.59544897079468	5.0
475	1.1061964137635627	yeast_dream5	minimal	h	biforce	0.050785966364080753	0.008151709909337397	0.08530106257378985	0.03040872319689926	148.59544897079468	5.0
476	0.6758772548303186	yeast_dream5	interconnected	h	biforce	0.034795625438674746	0.0026850598032651515	0.07006911217437534	0.025230478606118833	148.59544897079468	5.0
477	0.6803821631591053	yeast_dream5	strict	h	biforce	0.037756338804511735	0.004576156024271066	0.10040857230958988	0.02869523066344703	196.20137000083923	10.0
478	1.1466326874417148	yeast_dream5	minimal	h	biforce	0.04753691408380765	0.008162357724571873	0.09049250980086715	0.031878313365348916	196.20137000083923	10.0
479	0.6831564564688645	yeast_dream5	interconnected	h	biforce	0.032702924715989165	0.0025947472924879806	0.0769041769041769	0.025823332540874006	196.20137000083923	10.0
