	F1norm_rprr	alpha	datasetname	delta	knownmodules	method	precision	recall	recovery	relevance	runningtime
0	0.0	1.01	ecoli_colombos	0.0001	strict	chengchurch	0.0	0.0	0.0	0.0	238.139634847641
1	0.0	1.01	ecoli_colombos	0.0001	interconnected	chengchurch	0.0	0.0	0.0	0.0	238.139634847641
2	0.0	1.01	ecoli_colombos	0.0001	minimal	chengchurch	0.0	0.0	0.0	0.0	238.139634847641
3	0.0	1.01	ecoli_colombos	0.0002	strict	chengchurch	0.0	0.0	0.0	0.0	263.15875220298767
4	0.0	1.01	ecoli_colombos	0.0002	interconnected	chengchurch	0.0	0.0	0.0	0.0	263.15875220298767
5	0.0	1.01	ecoli_colombos	0.0002	minimal	chengchurch	0.0	0.0	0.0	0.0	263.15875220298767
6	0.0	1.01	ecoli_colombos	0.0005	strict	chengchurch	0.0	0.0	0.0	0.0	223.00857400894165
7	0.0	1.01	ecoli_colombos	0.0005	interconnected	chengchurch	0.0	0.0	0.0	0.0	223.00857400894165
8	0.0	1.01	ecoli_colombos	0.0005	minimal	chengchurch	0.0	0.0	0.0	0.0	223.00857400894165
9	0.0	1.01	ecoli_colombos	0.001	strict	chengchurch	0.0	0.0	0.0	0.0	215.07784795761108
10	0.0	1.01	ecoli_colombos	0.001	interconnected	chengchurch	0.0	0.0	0.0	0.0	215.07784795761108
11	0.0	1.01	ecoli_colombos	0.001	minimal	chengchurch	0.0	0.0	0.0	0.0	215.07784795761108
12	0.0	1.01	ecoli_colombos	0.002	strict	chengchurch	0.0	0.0	0.0	0.0	218.84271001815796
13	0.0	1.01	ecoli_colombos	0.002	interconnected	chengchurch	0.0	0.0	0.0	0.0	218.84271001815796
14	0.01296033733539039	1.01	ecoli_colombos	0.002	minimal	chengchurch	3.624960626384754e-05	0.0003485838779956427	0.08496732026143791	0.007195302879981321	218.84271001815796
15	0.01959885162793072	1.01	ecoli_colombos	0.005	strict	chengchurch	7.747660898842843e-05	0.0002795126840928368	0.07323232323232323	0.008964516559583607	193.2169439792633
16	0.018946802971818274	1.01	ecoli_colombos	0.005	interconnected	chengchurch	4.921991443693971e-05	0.00021331325679151765	0.06719367588932806	0.010002337362276742	193.2169439792633
17	0.018577975958590096	1.01	ecoli_colombos	0.005	minimal	chengchurch	5.282851283146576e-05	0.000423666371942234	0.08714896214896213	0.011442830993755097	193.2169439792633
18	0.10584875839964646	1.01	ecoli_colombos	0.01	strict	chengchurch	0.00047978295697672724	0.0014025891411387594	0.12242965367965367	0.021543238614112115	140.01834392547607
19	0.10150883544712919	1.01	ecoli_colombos	0.01	interconnected	chengchurch	0.00029641631839127925	0.0010658316236547528	0.10634920634920635	0.020783148618702178	140.01834392547607
20	0.06518593306455098	1.01	ecoli_colombos	0.01	minimal	chengchurch	0.00018730656415396176	0.0016077763795816534	0.10206337779867192	0.029683785652258727	140.01834392547607
21	0.08149185841615932	1.01	ecoli_colombos	0.02	strict	chengchurch	0.0004546116375777819	0.0007407118912026218	0.1468253968253968	0.013444343683903182	74.92512512207031
22	0.014779167427071482	1.01	ecoli_colombos	0.02	interconnected	chengchurch	3.952894247378647e-05	0.00015262515262515263	0.07692307692307693	0.0064445355727440245	74.92512512207031
23	0.01630448343744264	1.01	ecoli_colombos	0.02	minimal	chengchurch	4.739117517358358e-05	0.00030972617179513733	0.06831831831831832	0.011410974260689202	74.92512512207031
24	0.05258592740389702	1.01	ecoli_colombos	0.05	strict	chengchurch	0.00031150101245119545	0.0004072639174611794	0.09302325581395349	0.010549585026329213	36.42412996292114
25	0.07907622486946664	1.01	ecoli_colombos	0.05	interconnected	chengchurch	0.0002781078640227679	0.0006868131868131869	0.11538461538461539	0.008754107750728221	36.42412996292114
26	0.03632110535696798	1.01	ecoli_colombos	0.05	minimal	chengchurch	0.00011692154700458239	0.00047648369692704666	0.08928571428571429	0.013652089466333471	36.42412996292114
27	0.6700959586277581	1.01	ecoli_colombos	0.1	strict	chengchurch	0.013357060938223366	0.004416204325579971	0.12307533247979766	0.05618290194793381	28.046681880950928
28	0.7147313249960464	1.01	ecoli_colombos	0.1	interconnected	chengchurch	0.009567586725884225	0.003513998950071819	0.08935576538884929	0.05088320843867405	28.046681880950928
29	0.8002081586902711	1.01	ecoli_colombos	0.1	minimal	chengchurch	0.00714466860070216	0.0063796090071946135	0.0977914126137358	0.0491052422050733	28.046681880950928
30	0.5126193957669143	1.01	ecoli_colombos	0.2	strict	chengchurch	0.014470706656361387	0.0031570463045606976	0.08692157770296179	0.04279173665933253	16.15403389930725
31	0.6169435487267722	1.01	ecoli_colombos	0.2	interconnected	chengchurch	0.01166938728457155	0.00269885202498198	0.07716235180536225	0.04500692069509473	16.15403389930725
32	0.800507756831547	1.01	ecoli_colombos	0.2	minimal	chengchurch	0.011740655491048869	0.006662227200461448	0.07746336133778926	0.03778939404670578	16.15403389930725
33	0.6601887090879972	1.01	ecoli_colombos	0.5	strict	chengchurch	0.0313459966023221	0.004096057139520611	0.10960077057931257	0.047946829260584974	14.291571855545044
34	0.9122973082733753	1.01	ecoli_colombos	0.5	interconnected	chengchurch	0.03421723860528975	0.004819364385909669	0.09561417670610795	0.04849053525593376	14.291571855545044
35	1.233466411477357	1.01	ecoli_colombos	0.5	minimal	chengchurch	0.04545300544516378	0.013983114471169447	0.1019101934606192	0.04127709935121794	14.291571855545044
36	0.27723281462218496	1.01	ecoli_colombos	1.0	strict	chengchurch	0.02743866907522871	0.0015709161684291247	0.05725190839694656	0.019230769230769232	12.421797037124634
37	0.549880644505091	1.01	ecoli_colombos	1.0	interconnected	chengchurch	0.03655832703451752	0.0029594836170799897	0.08095238095238096	0.023809523809523808	12.421797037124634
38	0.9237213191982848	1.01	ecoli_colombos	1.0	minimal	chengchurch	0.0609560600500018	0.012645494401695939	0.1425287356321839	0.023451261382295863	12.421797037124634
39	0.0	1.1	ecoli_colombos	0.0001	strict	chengchurch	0.0	0.0	0.0	0.0	297.4986698627472
40	0.0	1.1	ecoli_colombos	0.0001	interconnected	chengchurch	0.0	0.0	0.0	0.0	297.4986698627472
41	0.0	1.1	ecoli_colombos	0.0001	minimal	chengchurch	0.0	0.0	0.0	0.0	297.4986698627472
42	0.0	1.1	ecoli_colombos	0.0002	strict	chengchurch	0.0	0.0	0.0	0.0	290.0901200771332
43	0.0	1.1	ecoli_colombos	0.0002	interconnected	chengchurch	0.0	0.0	0.0	0.0	290.0901200771332
44	0.0	1.1	ecoli_colombos	0.0002	minimal	chengchurch	0.0	0.0	0.0	0.0	290.0901200771332
45	0.0	1.1	ecoli_colombos	0.0005	strict	chengchurch	0.0	0.0	0.0	0.0	306.80976915359497
46	0.0	1.1	ecoli_colombos	0.0005	interconnected	chengchurch	0.0	0.0	0.0	0.0	306.80976915359497
47	0.0013578587762247069	1.1	ecoli_colombos	0.0005	minimal	chengchurch	3.4574287653279235e-06	0.00010217113665389528	0.06666666666666667	0.004271502154978649	306.80976915359497
48	0.0	1.1	ecoli_colombos	0.001	strict	chengchurch	0.0	0.0	0.0	0.0	285.1763770580292
49	0.0	1.1	ecoli_colombos	0.001	interconnected	chengchurch	0.0	0.0	0.0	0.0	285.1763770580292
50	0.006072806764177562	1.1	ecoli_colombos	0.001	minimal	chengchurch	1.7317918014185852e-05	0.00013683634373289546	0.07142857142857142	0.003339100536125397	285.1763770580292
51	0.018305560866006775	1.1	ecoli_colombos	0.002	strict	chengchurch	7.907202336683991e-05	0.00021204410517387614	0.1111111111111111	0.006236120510314059	249.78204703330994
52	0.004683859116480724	1.1	ecoli_colombos	0.002	interconnected	chengchurch	1.1139348432886538e-05	7.558578987150416e-05	0.047619047619047616	0.003913956869621894	249.78204703330994
53	0.0012306661758258374	1.1	ecoli_colombos	0.002	minimal	chengchurch	3.1349307493748717e-06	9.578544061302684e-05	0.08333333333333333	0.002991485238759455	249.78204703330994
54	0.02332058955822552	1.1	ecoli_colombos	0.005	strict	chengchurch	0.00011229711639455689	0.00021204410517387614	0.1111111111111111	0.008005883005883006	235.21132397651672
55	0.018559479910814757	1.1	ecoli_colombos	0.005	interconnected	chengchurch	4.987259947577408e-05	0.000202020202020202	0.09090909090909091	0.006265031265031264	235.21132397651672
56	0.009349603573439879	1.1	ecoli_colombos	0.005	minimal	chengchurch	2.4752870441658126e-05	0.000468892537858055	0.09126984126984126	0.0065230477658878875	235.21132397651672
57	0.02238458811218159	1.1	ecoli_colombos	0.01	strict	chengchurch	0.00010566346097926987	0.00021204410517387616	0.1111111111111111	0.007587205322937333	154.75735211372375
58	0.04143080313834435	1.1	ecoli_colombos	0.01	interconnected	chengchurch	0.00012770017892487802	0.00029814394893759973	0.07275132275132275	0.015586923909497832	154.75735211372375
59	0.049841117369259724	1.1	ecoli_colombos	0.01	minimal	chengchurch	0.00014445464777415872	0.0010362019844778467	0.10766178266178265	0.029060219380625085	154.75735211372375
60	0.0	1.1	ecoli_colombos	0.02	strict	chengchurch	0.0	0.0	0.0	0.0	68.35128378868103
61	0.024840215048135654	1.1	ecoli_colombos	0.02	interconnected	chengchurch	7.27773842853208e-05	0.00021164021164021165	0.09523809523809523	0.007209853638425067	68.35128378868103
62	0.011872125927090119	1.1	ecoli_colombos	0.02	minimal	chengchurch	3.548584902017638e-05	0.0002138091793264207	0.06876456876456877	0.004867559728884903	68.35128378868103
63	0.04456243065935294	1.1	ecoli_colombos	0.05	strict	chengchurch	0.0003155122979065489	0.00026505513146734525	0.08333333333333333	0.012352026602823344	27.660032987594604
64	0.04457265014345315	1.1	ecoli_colombos	0.05	interconnected	chengchurch	0.00015934838568986293	0.00025255862443651525	0.0851063829787234	0.012980661240813292	27.660032987594604
65	0.042350885724921745	1.1	ecoli_colombos	0.05	minimal	chengchurch	0.00013906239696148372	0.0005287989614008423	0.09090909090909091	0.014498029758494985	27.660032987594604
66	0.06526192438306565	1.1	ecoli_colombos	0.1	strict	chengchurch	0.0004608825966740353	0.00042026759584011487	0.10810810810810811	0.01285977599309295	19.242089986801147
67	0.04849839720462471	1.1	ecoli_colombos	0.1	interconnected	chengchurch	0.00018887308002474973	0.0002442002442002442	0.07692307692307693	0.014221024030838718	19.242089986801147
68	0.039332086085113425	1.1	ecoli_colombos	0.1	minimal	chengchurch	0.00014641101464511747	0.0003581929965249933	0.06666666666666667	0.010699580510767756	19.242089986801147
69	0.1614006496812064	1.1	ecoli_colombos	0.2	strict	chengchurch	0.007729201679655011	0.0007093171967186285	0.053497942386831275	0.018708312450099327	17.561361074447632
70	0.3029910778340754	1.1	ecoli_colombos	0.2	interconnected	chengchurch	0.007519265379201725	0.0010769705233086614	0.0695364238410596	0.022843880687561668	17.561361074447632
71	0.5957994796038759	1.1	ecoli_colombos	0.2	minimal	chengchurch	0.010033681161419904	0.004509025860221413	0.1244343891402715	0.02268674450855822	17.561361074447632
72	0.27723281462218496	1.1	ecoli_colombos	0.5	strict	chengchurch	0.02743866907522871	0.0015709161684291247	0.05725190839694656	0.019230769230769232	10.722562074661255
73	0.549880644505091	1.1	ecoli_colombos	0.5	interconnected	chengchurch	0.03655832703451752	0.0029594836170799897	0.08095238095238096	0.023809523809523808	10.722562074661255
74	0.9237213191982848	1.1	ecoli_colombos	0.5	minimal	chengchurch	0.0609560600500018	0.012645494401695939	0.1425287356321839	0.023451261382295863	10.722562074661255
75	0.27723281462218496	1.1	ecoli_colombos	1.0	strict	chengchurch	0.02743866907522871	0.0015709161684291247	0.05725190839694656	0.019230769230769232	14.059171915054321
76	0.549880644505091	1.1	ecoli_colombos	1.0	interconnected	chengchurch	0.03655832703451752	0.0029594836170799897	0.08095238095238096	0.023809523809523808	14.059171915054321
77	0.9237213191982848	1.1	ecoli_colombos	1.0	minimal	chengchurch	0.0609560600500018	0.012645494401695939	0.1425287356321839	0.023451261382295863	14.059171915054321
78	0.0	1.5	ecoli_colombos	0.0001	strict	chengchurch	0.0	0.0	0.0	0.0	1518.8104009628296
79	0.0	1.5	ecoli_colombos	0.0001	interconnected	chengchurch	0.0	0.0	0.0	0.0	1518.8104009628296
80	0.0	1.5	ecoli_colombos	0.0001	minimal	chengchurch	0.0	0.0	0.0	0.0	1518.8104009628296
81	0.0	1.5	ecoli_colombos	0.0002	strict	chengchurch	0.0	0.0	0.0	0.0	1805.3652110099792
82	0.0	1.5	ecoli_colombos	0.0002	interconnected	chengchurch	0.0	0.0	0.0	0.0	1805.3652110099792
83	0.0	1.5	ecoli_colombos	0.0002	minimal	chengchurch	0.0	0.0	0.0	0.0	1805.3652110099792
84	0.0	1.5	ecoli_colombos	0.0005	strict	chengchurch	0.0	0.0	0.0	0.0	1705.4803609848022
85	0.0	1.5	ecoli_colombos	0.0005	interconnected	chengchurch	0.0	0.0	0.0	0.0	1705.4803609848022
86	0.0	1.5	ecoli_colombos	0.0005	minimal	chengchurch	0.0	0.0	0.0	0.0	1705.4803609848022
87	0.1418345247822757	1.5	ecoli_colombos	0.001	strict	chengchurch	0.0011001286357707552	0.0015744274809160305	0.375	0.009525401069518716	1705.034453868866
88	0.0	1.5	ecoli_colombos	0.001	interconnected	chengchurch	0.0	0.0	0.0	0.0	1705.034453868866
89	0.008744753511119547	1.5	ecoli_colombos	0.001	minimal	chengchurch	2.2941038883381594e-05	0.00047501759324419427	0.10714285714285714	0.00742849226968675	1705.034453868866
90	0.037889321707408524	1.5	ecoli_colombos	0.002	strict	chengchurch	0.0001794239340546031	0.0004452926208651399	0.16666666666666666	0.0068525931082492175	1550.4510409832
91	0.0440989364418689	1.5	ecoli_colombos	0.002	interconnected	chengchurch	0.0001393800944961989	0.00037037037037037035	0.16666666666666666	0.007603766144138814	1550.4510409832
92	0.025707770163758803	1.5	ecoli_colombos	0.002	minimal	chengchurch	9.727835741144877e-05	0.00026819923371647505	0.16666666666666666	0.003814165632347451	1550.4510409832
93	0.07228400953111837	1.5	ecoli_colombos	0.005	strict	chengchurch	0.0003475083901966386	0.0008648370289591663	0.11243386243386243	0.012706354731241607	951.5918300151825
94	0.07204756288989163	1.5	ecoli_colombos	0.005	interconnected	chengchurch	0.00022309750038238457	0.0006575963718820862	0.10476190476190476	0.012690693106065777	951.5918300151825
95	0.03487672359878029	1.5	ecoli_colombos	0.005	minimal	chengchurch	0.00011967774288820402	0.000379948914431673	0.0861111111111111	0.010959543507452688	951.5918300151825
96	0.012516836443215081	1.5	ecoli_colombos	0.01	strict	chengchurch	5.1975332095221084e-05	0.0001467997651203758	0.07692307692307693	0.006515201778799737	421.5969500541687
97	0.0113813160273277	1.5	ecoli_colombos	0.01	interconnected	chengchurch	3.076831861318484e-05	0.00010582010582010582	0.06666666666666667	0.006982364083844919	421.5969500541687
98	0.004645464405484448	1.5	ecoli_colombos	0.01	minimal	chengchurch	1.4085235398363977e-05	6.385696040868454e-05	0.05555555555555555	0.006307074818677437	421.5969500541687
99	0.0	1.5	ecoli_colombos	0.02	strict	chengchurch	0.0	0.0	0.0	0.0	168.69374704360962
100	0.0	1.5	ecoli_colombos	0.02	interconnected	chengchurch	0.0	0.0	0.0	0.0	168.69374704360962
101	0.0	1.5	ecoli_colombos	0.02	minimal	chengchurch	0.0	0.0	0.0	0.0	168.69374704360962
102	0.0	1.5	ecoli_colombos	0.05	strict	chengchurch	0.0	0.0	0.0	0.0	30.51905608177185
103	0.0	1.5	ecoli_colombos	0.05	interconnected	chengchurch	0.0	0.0	0.0	0.0	30.51905608177185
104	0.0	1.5	ecoli_colombos	0.05	minimal	chengchurch	0.0	0.0	0.0	0.0	30.51905608177185
105	0.0	1.5	ecoli_colombos	0.1	strict	chengchurch	0.0	0.0	0.0	0.0	14.700167894363403
106	0.0	1.5	ecoli_colombos	0.1	interconnected	chengchurch	0.0	0.0	0.0	0.0	14.700167894363403
107	0.0	1.5	ecoli_colombos	0.1	minimal	chengchurch	0.0	0.0	0.0	0.0	14.700167894363403
108	0.27715745041657064	1.5	ecoli_colombos	0.2	strict	chengchurch	0.022200109268267796	0.0015577882977242572	0.06396588486140725	0.01917314073674355	12.50126314163208
109	0.5231134672290791	1.5	ecoli_colombos	0.2	interconnected	chengchurch	0.02948355277205502	0.0026584799604961735	0.0812720848056537	0.023710312968476942	12.50126314163208
110	0.9229847544422336	1.5	ecoli_colombos	0.2	minimal	chengchurch	0.0515253945954275	0.012195367837856776	0.14795918367346939	0.02375289294267407	12.50126314163208
111	0.3417333030920764	1.5	ecoli_colombos	0.5	strict	chengchurch	0.030716454600705375	0.0019301261610657203	0.079296875	0.02316406751666507	12.743966102600098
112	0.6079808404634665	1.5	ecoli_colombos	0.5	interconnected	chengchurch	0.03871215517636787	0.0032296443764440064	0.08306277056277056	0.02732171556895436	12.743966102600098
113	0.9396386685158884	1.5	ecoli_colombos	0.5	minimal	chengchurch	0.060310435060382986	0.012680752094920898	0.10916442048517519	0.02535872202821808	12.743966102600098
114	0.27723281462218496	1.5	ecoli_colombos	1.0	strict	chengchurch	0.02743866907522871	0.0015709161684291247	0.05725190839694656	0.019230769230769232	10.68113398551941
115	0.549880644505091	1.5	ecoli_colombos	1.0	interconnected	chengchurch	0.03655832703451752	0.0029594836170799897	0.08095238095238096	0.023809523809523808	10.68113398551941
116	0.9237213191982848	1.5	ecoli_colombos	1.0	minimal	chengchurch	0.0609560600500018	0.012645494401695939	0.1425287356321839	0.023451261382295863	10.68113398551941
117	0.0	1.01	ecoli_dream5	0.0001	strict	chengchurch	0.0	0.0	0.0	0.0	130.87113094329834
118	0.0	1.01	ecoli_dream5	0.0001	interconnected	chengchurch	0.0	0.0	0.0	0.0	130.87113094329834
119	0.0	1.01	ecoli_dream5	0.0001	minimal	chengchurch	0.0	0.0	0.0	0.0	130.87113094329834
120	0.0	1.01	ecoli_dream5	0.0002	strict	chengchurch	0.0	0.0	0.0	0.0	135.10055899620056
121	0.0	1.01	ecoli_dream5	0.0002	interconnected	chengchurch	0.0	0.0	0.0	0.0	135.10055899620056
122	0.0	1.01	ecoli_dream5	0.0002	minimal	chengchurch	0.0	0.0	0.0	0.0	135.10055899620056
123	0.0	1.01	ecoli_dream5	0.0005	strict	chengchurch	0.0	0.0	0.0	0.0	113.04841089248657
124	0.0	1.01	ecoli_dream5	0.0005	interconnected	chengchurch	0.0	0.0	0.0	0.0	113.04841089248657
125	0.0	1.01	ecoli_dream5	0.0005	minimal	chengchurch	0.0	0.0	0.0	0.0	113.04841089248657
126	0.0	1.01	ecoli_dream5	0.001	strict	chengchurch	0.0	0.0	0.0	0.0	117.13788890838623
127	0.0	1.01	ecoli_dream5	0.001	interconnected	chengchurch	0.0	0.0	0.0	0.0	117.13788890838623
128	0.0	1.01	ecoli_dream5	0.001	minimal	chengchurch	0.0	0.0	0.0	0.0	117.13788890838623
129	0.0	1.01	ecoli_dream5	0.002	strict	chengchurch	0.0	0.0	0.0	0.0	120.0882921218872
130	0.0	1.01	ecoli_dream5	0.002	interconnected	chengchurch	0.0	0.0	0.0	0.0	120.0882921218872
131	0.0	1.01	ecoli_dream5	0.002	minimal	chengchurch	0.0	0.0	0.0	0.0	120.0882921218872
132	0.0	1.01	ecoli_dream5	0.005	strict	chengchurch	0.0	0.0	0.0	0.0	120.43179702758789
133	0.0	1.01	ecoli_dream5	0.005	interconnected	chengchurch	0.0	0.0	0.0	0.0	120.43179702758789
134	0.0	1.01	ecoli_dream5	0.005	minimal	chengchurch	0.0	0.0	0.0	0.0	120.43179702758789
135	0.0	1.01	ecoli_dream5	0.01	strict	chengchurch	0.0	0.0	0.0	0.0	105.84125304222107
136	0.0	1.01	ecoli_dream5	0.01	interconnected	chengchurch	0.0	0.0	0.0	0.0	105.84125304222107
137	0.0	1.01	ecoli_dream5	0.01	minimal	chengchurch	0.0	0.0	0.0	0.0	105.84125304222107
138	0.5289453272020063	1.01	ecoli_dream5	0.02	strict	chengchurch	0.00313909672734647	0.006424065020726825	0.15504248837582169	0.04872496230067037	102.64756298065186
139	0.49450285924919074	1.01	ecoli_dream5	0.02	interconnected	chengchurch	0.0017984104945805378	0.004431039184283936	0.11659114410310582	0.04756521711859374	102.64756298065186
140	0.2943940748560471	1.01	ecoli_dream5	0.02	minimal	chengchurch	0.001050656762504276	0.003881309760419949	0.09949516714222596	0.03935486181013141	102.64756298065186
141	2.1332449141181415	1.01	ecoli_dream5	0.05	strict	chengchurch	0.02874643577494785	0.03090486190321044	0.1776806547417064	0.14645780786674348	30.735762119293213
142	1.5494170685960624	1.01	ecoli_dream5	0.05	interconnected	chengchurch	0.010553839507287211	0.015032185704614278	0.11312497009428095	0.10807275112119728	30.735762119293213
143	1.1375756132524886	1.01	ecoli_dream5	0.05	minimal	chengchurch	0.005649777614756539	0.01646132035251126	0.10568488244754817	0.09820163204671999	30.735762119293213
144	1.1322159673886645	1.01	ecoli_dream5	0.1	strict	chengchurch	0.011911975961112244	0.011560677913683792	0.18745620060026477	0.0762624591512944	17.350627899169922
145	1.1166309387484352	1.01	ecoli_dream5	0.1	interconnected	chengchurch	0.007772174214865996	0.0068116646013265895	0.1383501419762594	0.07806246472738722	17.350627899169922
146	0.7426202252618476	1.01	ecoli_dream5	0.1	minimal	chengchurch	0.004348968043687828	0.0057970707650315785	0.10888525307379215	0.0641087585262635	17.350627899169922
147	0.8822028182278527	1.01	ecoli_dream5	0.2	strict	chengchurch	0.01707559178839363	0.0061626298866082375	0.13194258973566317	0.06300615138101351	10.61188292503357
148	1.1080365467972053	1.01	ecoli_dream5	0.2	interconnected	chengchurch	0.012999946450809183	0.006056436371047865	0.13440910232654962	0.061579550524859035	10.61188292503357
149	1.025398209375702	1.01	ecoli_dream5	0.2	minimal	chengchurch	0.008615421028903772	0.008460391018140308	0.12644850485963222	0.05558929525213174	10.61188292503357
150	0.7573415734980304	1.01	ecoli_dream5	0.5	strict	chengchurch	0.022904050545912297	0.004630736640541803	0.14066931987412537	0.05014622078359187	6.132063150405884
151	0.8517601498592979	1.01	ecoli_dream5	0.5	interconnected	chengchurch	0.018185828365243736	0.00399356421046554	0.10038871386956826	0.0459354920747217	6.132063150405884
152	1.1675959960688214	1.01	ecoli_dream5	0.5	minimal	chengchurch	0.019802545441771444	0.010806622954344435	0.11148764862184879	0.04446403629289278	6.132063150405884
153	0.2787737847214952	1.01	ecoli_dream5	1.0	strict	chengchurch	0.026610871216092985	0.001470475949552375	0.05525846702317291	0.018518518518518517	5.266222953796387
154	0.5292781101457176	1.01	ecoli_dream5	1.0	interconnected	chengchurch	0.033709262169097254	0.0025664445575300987	0.07613469985358712	0.022222222222222216	5.266222953796387
155	0.9931924134239276	1.01	ecoli_dream5	1.0	minimal	chengchurch	0.06150075495066952	0.01317492585663678	0.14773980154355015	0.024531422271223815	5.266222953796387
156	0.0	1.1	ecoli_dream5	0.0001	strict	chengchurch	0.0	0.0	0.0	0.0	156.19130182266235
157	0.0	1.1	ecoli_dream5	0.0001	interconnected	chengchurch	0.0	0.0	0.0	0.0	156.19130182266235
158	0.0	1.1	ecoli_dream5	0.0001	minimal	chengchurch	0.0	0.0	0.0	0.0	156.19130182266235
159	0.0	1.1	ecoli_dream5	0.0002	strict	chengchurch	0.0	0.0	0.0	0.0	143.8496959209442
160	0.0	1.1	ecoli_dream5	0.0002	interconnected	chengchurch	0.0	0.0	0.0	0.0	143.8496959209442
161	0.0	1.1	ecoli_dream5	0.0002	minimal	chengchurch	0.0	0.0	0.0	0.0	143.8496959209442
162	0.0	1.1	ecoli_dream5	0.0005	strict	chengchurch	0.0	0.0	0.0	0.0	130.05084896087646
163	0.0	1.1	ecoli_dream5	0.0005	interconnected	chengchurch	0.0	0.0	0.0	0.0	130.05084896087646
164	0.0	1.1	ecoli_dream5	0.0005	minimal	chengchurch	0.0	0.0	0.0	0.0	130.05084896087646
165	0.0	1.1	ecoli_dream5	0.001	strict	chengchurch	0.0	0.0	0.0	0.0	135.35123801231384
166	0.0	1.1	ecoli_dream5	0.001	interconnected	chengchurch	0.0	0.0	0.0	0.0	135.35123801231384
167	0.0	1.1	ecoli_dream5	0.001	minimal	chengchurch	0.0	0.0	0.0	0.0	135.35123801231384
168	0.0	1.1	ecoli_dream5	0.002	strict	chengchurch	0.0	0.0	0.0	0.0	142.31107592582703
169	0.0	1.1	ecoli_dream5	0.002	interconnected	chengchurch	0.0	0.0	0.0	0.0	142.31107592582703
170	0.0	1.1	ecoli_dream5	0.002	minimal	chengchurch	0.0	0.0	0.0	0.0	142.31107592582703
171	0.0	1.1	ecoli_dream5	0.005	strict	chengchurch	0.0	0.0	0.0	0.0	124.73809790611267
172	0.0	1.1	ecoli_dream5	0.005	interconnected	chengchurch	0.0	0.0	0.0	0.0	124.73809790611267
173	0.0	1.1	ecoli_dream5	0.005	minimal	chengchurch	0.0	0.0	0.0	0.0	124.73809790611267
174	0.0	1.1	ecoli_dream5	0.01	strict	chengchurch	0.0	0.0	0.0	0.0	130.0522141456604
175	0.0	1.1	ecoli_dream5	0.01	interconnected	chengchurch	0.0	0.0	0.0	0.0	130.0522141456604
176	0.0	1.1	ecoli_dream5	0.01	minimal	chengchurch	0.0	0.0	0.0	0.0	130.0522141456604
177	0.07691207614930974	1.1	ecoli_dream5	0.02	strict	chengchurch	0.000319050523860358	0.0009427486409583596	0.11231884057971014	0.014315985509170279	109.64141416549683
178	0.09251225688514306	1.1	ecoli_dream5	0.02	interconnected	chengchurch	0.0002754987988118934	0.0006531820221424906	0.10073260073260075	0.019218434013177504	109.64141416549683
179	0.034534709374344726	1.1	ecoli_dream5	0.02	minimal	chengchurch	0.00010129613503334526	0.0004941820528195506	0.0762242143821091	0.014572222552150996	109.64141416549683
180	0.5058039826775499	1.1	ecoli_dream5	0.05	strict	chengchurch	0.0033872567172174672	0.004453172100230923	0.17602476888191174	0.0504721903035602	34.38521385192871
181	0.3256118930980892	1.1	ecoli_dream5	0.05	interconnected	chengchurch	0.001145342854903699	0.002166066165721665	0.09769465757317419	0.04937199077634084	34.38521385192871
182	0.1476395400602781	1.1	ecoli_dream5	0.05	minimal	chengchurch	0.0004125486895934668	0.003348495228413869	0.11925168614040085	0.052517745776180576	34.38521385192871
183	0.8161165051218261	1.1	ecoli_dream5	0.1	strict	chengchurch	0.008603447383184828	0.007056508319525488	0.21880440987583843	0.05385221832387218	18.13646912574768
184	0.6030360164155772	1.1	ecoli_dream5	0.1	interconnected	chengchurch	0.002941127013294076	0.0035094073586432782	0.125019266240108	0.05602824746257943	18.13646912574768
185	0.5549881169819001	1.1	ecoli_dream5	0.1	minimal	chengchurch	0.0023516894257980523	0.0062808020025827875	0.11889575722909057	0.054510369260122954	18.13646912574768
186	0.5905028973241842	1.1	ecoli_dream5	0.2	strict	chengchurch	0.009634986530340041	0.003866641926841044	0.15496124031007752	0.040214409345285654	9.403039932250977
187	0.7079617270630159	1.1	ecoli_dream5	0.2	interconnected	chengchurch	0.00850340945265973	0.003208547418819891	0.1237260903560463	0.04161085616987387	9.403039932250977
188	0.8672705018472099	1.1	ecoli_dream5	0.2	minimal	chengchurch	0.009309155632480566	0.0071018275326200616	0.11172042243470814	0.038965097091390045	9.403039932250977
189	0.45543262709990195	1.1	ecoli_dream5	0.5	strict	chengchurch	0.01914253241484105	0.002550239999134451	0.08242368050074277	0.0318350748230917	5.769903898239136
190	0.647892668244961	1.1	ecoli_dream5	0.5	interconnected	chengchurch	0.017798429615625996	0.0030321996978209644	0.08515389328808447	0.03175460611514098	5.769903898239136
191	1.0711608138780815	1.1	ecoli_dream5	0.5	minimal	chengchurch	0.018787924198506875	0.009795779181709579	0.13418697076202854	0.03714790686700241	5.769903898239136
192	0.2787737847214952	1.1	ecoli_dream5	1.0	strict	chengchurch	0.026610871216092985	0.001470475949552375	0.05525846702317291	0.018518518518518517	6.252791166305542
193	0.5292781101457176	1.1	ecoli_dream5	1.0	interconnected	chengchurch	0.033709262169097254	0.0025664445575300987	0.07613469985358712	0.022222222222222216	6.252791166305542
194	0.9931924134239276	1.1	ecoli_dream5	1.0	minimal	chengchurch	0.06150075495066952	0.01317492585663678	0.14773980154355015	0.024531422271223815	6.252791166305542
195	0.0	1.5	ecoli_dream5	0.0001	strict	chengchurch	0.0	0.0	0.0	0.0	1218.423938035965
196	0.0	1.5	ecoli_dream5	0.0001	interconnected	chengchurch	0.0	0.0	0.0	0.0	1218.423938035965
197	0.0	1.5	ecoli_dream5	0.0001	minimal	chengchurch	0.0	0.0	0.0	0.0	1218.423938035965
198	0.0	1.5	ecoli_dream5	0.0002	strict	chengchurch	0.0	0.0	0.0	0.0	1463.841773033142
199	0.0	1.5	ecoli_dream5	0.0002	interconnected	chengchurch	0.0	0.0	0.0	0.0	1463.841773033142
200	0.0	1.5	ecoli_dream5	0.0002	minimal	chengchurch	0.0	0.0	0.0	0.0	1463.841773033142
201	0.0	1.5	ecoli_dream5	0.0005	strict	chengchurch	0.0	0.0	0.0	0.0	1797.3969950675964
202	0.0	1.5	ecoli_dream5	0.0005	interconnected	chengchurch	0.0	0.0	0.0	0.0	1797.3969950675964
203	0.0	1.5	ecoli_dream5	0.0005	minimal	chengchurch	0.0	0.0	0.0	0.0	1797.3969950675964
204	0.0	1.5	ecoli_dream5	0.001	strict	chengchurch	0.0	0.0	0.0	0.0	1999.837072134018
205	0.0	1.5	ecoli_dream5	0.001	interconnected	chengchurch	0.0	0.0	0.0	0.0	1999.837072134018
206	0.0	1.5	ecoli_dream5	0.001	minimal	chengchurch	0.0	0.0	0.0	0.0	1999.837072134018
207	0.0	1.5	ecoli_dream5	0.002	strict	chengchurch	0.0	0.0	0.0	0.0	0.0
208	0.0	1.5	ecoli_dream5	0.002	interconnected	chengchurch	0.0	0.0	0.0	0.0	0.0
209	0.0	1.5	ecoli_dream5	0.002	minimal	chengchurch	0.0	0.0	0.0	0.0	0.0
210	0.0	1.5	ecoli_dream5	0.005	strict	chengchurch	0.0	0.0	0.0	0.0	0.0
211	0.0	1.5	ecoli_dream5	0.005	interconnected	chengchurch	0.0	0.0	0.0	0.0	0.0
212	0.0	1.5	ecoli_dream5	0.005	minimal	chengchurch	0.0	0.0	0.0	0.0	0.0
213	0.0	1.5	ecoli_dream5	0.01	strict	chengchurch	0.0	0.0	0.0	0.0	0.0
214	0.0	1.5	ecoli_dream5	0.01	interconnected	chengchurch	0.0	0.0	0.0	0.0	0.0
215	0.0	1.5	ecoli_dream5	0.01	minimal	chengchurch	0.0	0.0	0.0	0.0	0.0
216	0.0	1.5	ecoli_dream5	0.02	strict	chengchurch	0.0	0.0	0.0	0.0	0.0
217	0.0	1.5	ecoli_dream5	0.02	interconnected	chengchurch	0.0	0.0	0.0	0.0	0.0
218	0.0	1.5	ecoli_dream5	0.02	minimal	chengchurch	0.0	0.0	0.0	0.0	0.0
219	1.1992851891878327	1.5	ecoli_dream5	0.05	strict	chengchurch	0.01918359625479935	0.010336886406231139	0.1868710677073561	0.0743760919508477	1463.1324350833893
220	1.0935853220868912	1.5	ecoli_dream5	0.05	interconnected	chengchurch	0.00914750281620979	0.0063501967335089105	0.12958187134502924	0.07060939889233414	1463.1324350833893
221	0.7996874739711475	1.5	ecoli_dream5	0.05	minimal	chengchurch	0.004612564698539149	0.007213938327609148	0.10748249632977767	0.06153404184672554	1463.1324350833893
222	0.5737247851795172	1.5	ecoli_dream5	0.1	strict	chengchurch	0.005761900942372079	0.004483830403691896	0.19409103052160556	0.04102029005558317	524.8029789924622
223	0.39187963651052926	1.5	ecoli_dream5	0.1	interconnected	chengchurch	0.0017734076638274076	0.0020773922181807052	0.13814786585365854	0.041075897648676474	524.8029789924622
224	0.3231251835931084	1.5	ecoli_dream5	0.1	minimal	chengchurch	0.0011701860016370823	0.0036288760656705225	0.11537322527313325	0.05070542368223889	524.8029789924622
225	1.513947383957928	1.5	ecoli_dream5	0.2	strict	chengchurch	0.045661122196983775	0.014618004986256422	0.18188902440758967	0.07969498388226863	240.83112478256226
226	1.5575694074403734	1.5	ecoli_dream5	0.2	interconnected	chengchurch	0.036511929722195816	0.01178212631489717	0.12630484626261795	0.06756479689771626	240.83112478256226
227	1.6967214987011983	1.5	ecoli_dream5	0.2	minimal	chengchurch	0.025957394952748163	0.019516472797513926	0.12967505981376934	0.0660410694303985	240.83112478256226
228	0.7088449788908069	1.5	ecoli_dream5	0.5	strict	chengchurch	0.03479383349811384	0.004423268134220911	0.11629226220706668	0.04370678790345713	9.132345914840698
229	0.8879003834063357	1.5	ecoli_dream5	0.5	interconnected	chengchurch	0.032783157466176945	0.004465462941691811	0.0963359110426722	0.041957038581448995	9.132345914840698
230	1.3361898944930013	1.5	ecoli_dream5	0.5	minimal	chengchurch	0.03751726892443301	0.014438649557698083	0.1263604640653821	0.04234556473478254	9.132345914840698
231	0.2787737847214952	1.5	ecoli_dream5	1.0	strict	chengchurch	0.026610871216092985	0.001470475949552375	0.05525846702317291	0.018518518518518517	5.449579954147339
232	0.5292781101457176	1.5	ecoli_dream5	1.0	interconnected	chengchurch	0.033709262169097254	0.0025664445575300987	0.07613469985358712	0.022222222222222216	5.449579954147339
233	0.9931924134239276	1.5	ecoli_dream5	1.0	minimal	chengchurch	0.06150075495066952	0.01317492585663678	0.14773980154355015	0.024531422271223815	5.449579954147339
234	0.0	1.01	yeast_gpl2529	0.0001	strict	chengchurch	0.0	0.0	0.0	0.0	540.4821860790253
235	0.0	1.01	yeast_gpl2529	0.0001	interconnected	chengchurch	0.0	0.0	0.0	0.0	540.4821860790253
236	0.0	1.01	yeast_gpl2529	0.0001	minimal	chengchurch	0.0	0.0	0.0	0.0	540.4821860790253
237	0.0	1.01	yeast_gpl2529	0.0002	strict	chengchurch	0.0	0.0	0.0	0.0	523.8127319812775
238	0.0	1.01	yeast_gpl2529	0.0002	interconnected	chengchurch	0.0	0.0	0.0	0.0	523.8127319812775
239	0.0	1.01	yeast_gpl2529	0.0002	minimal	chengchurch	0.0	0.0	0.0	0.0	523.8127319812775
240	0.0	1.01	yeast_gpl2529	0.0005	strict	chengchurch	0.0	0.0	0.0	0.0	502.88113594055176
241	0.0	1.01	yeast_gpl2529	0.0005	interconnected	chengchurch	0.0	0.0	0.0	0.0	502.88113594055176
242	0.0	1.01	yeast_gpl2529	0.0005	minimal	chengchurch	0.0	0.0	0.0	0.0	502.88113594055176
243	0.0	1.01	yeast_gpl2529	0.001	strict	chengchurch	0.0	0.0	0.0	0.0	470.8513169288635
244	0.0	1.01	yeast_gpl2529	0.001	interconnected	chengchurch	0.0	0.0	0.0	0.0	470.8513169288635
245	0.0	1.01	yeast_gpl2529	0.001	minimal	chengchurch	0.0	0.0	0.0	0.0	470.8513169288635
246	0.0	1.01	yeast_gpl2529	0.002	strict	chengchurch	0.0	0.0	0.0	0.0	404.7981069087982
247	0.0	1.01	yeast_gpl2529	0.002	interconnected	chengchurch	0.0	0.0	0.0	0.0	404.7981069087982
248	0.0	1.01	yeast_gpl2529	0.002	minimal	chengchurch	0.0	0.0	0.0	0.0	404.7981069087982
249	0.019709045802088043	1.01	yeast_gpl2529	0.005	strict	chengchurch	9.539187280051068e-05	0.000282326369282891	0.09090909090909091	0.010106973130228946	434.42630410194397
250	0.0407440115325813	1.01	yeast_gpl2529	0.005	interconnected	chengchurch	0.00014745711234701568	0.00045351473922902497	0.13333333333333333	0.010974490097297115	434.42630410194397
251	0.007151124170897469	1.01	yeast_gpl2529	0.005	minimal	chengchurch	2.0493442070626208e-05	0.00017006802721088434	0.0625	0.009222058165720137	434.42630410194397
252	0.08780925279088465	1.01	yeast_gpl2529	0.01	strict	chengchurch	0.00047107294321397357	0.0010973084886128364	0.09999999999999999	0.033175310528251706	400.02432322502136
253	0.07241218445327942	1.01	yeast_gpl2529	0.01	interconnected	chengchurch	0.00027890197828944004	0.0006446456133473798	0.07516339869281045	0.030294811901565716	400.02432322502136
254	0.09701628156080087	1.01	yeast_gpl2529	0.01	minimal	chengchurch	0.00030659682566742166	0.0017691838640217991	0.10897525676937442	0.040534886125197886	400.02432322502136
255	0.2851073875281911	1.01	yeast_gpl2529	0.02	strict	chengchurch	0.0017247178204839297	0.004093999664447523	0.10917770617018736	0.054966537848116795	296.100222826004
256	0.33675829734253676	1.01	yeast_gpl2529	0.02	interconnected	chengchurch	0.001489531970462237	0.00342964036828034	0.09496858893443333	0.06428568943674108	296.100222826004
257	0.3401972376854451	1.01	yeast_gpl2529	0.02	minimal	chengchurch	0.0013166326978781054	0.005273558319369392	0.09886422288244355	0.059505746396646256	296.100222826004
258	0.20053527632591658	1.01	yeast_gpl2529	0.05	strict	chengchurch	0.0011728084716682082	0.002572999763666648	0.10809409888357258	0.04956728176887349	184.60577178001404
259	0.2365123286458116	1.01	yeast_gpl2529	0.05	interconnected	chengchurch	0.0009824217570375225	0.0023727189808696782	0.09176858386375145	0.05414188604858733	184.60577178001404
260	0.17433560478461452	1.01	yeast_gpl2529	0.05	minimal	chengchurch	0.0006056108428411365	0.002568482692942283	0.09494567111522312	0.052349011532630135	184.60577178001404
261	0.32920604290714117	1.01	yeast_gpl2529	0.1	strict	chengchurch	0.002441627841861431	0.0033264656323662525	0.11227324263038548	0.06551735690359974	84.62326884269714
262	0.36424293516599576	1.01	yeast_gpl2529	0.1	interconnected	chengchurch	0.001932664134464293	0.0028293225702841463	0.09422704488493963	0.0636738612678124	84.62326884269714
263	0.4519183705957835	1.01	yeast_gpl2529	0.1	minimal	chengchurch	0.001936186440414921	0.005788316151150645	0.11236381327893476	0.0693184194675807	84.62326884269714
264	0.34324859503089356	1.01	yeast_gpl2529	0.2	strict	chengchurch	0.0028032964304985767	0.0032786548651352436	0.1002490698796681	0.06312381130040218	31.53283405303955
265	0.39582238065151476	1.01	yeast_gpl2529	0.2	interconnected	chengchurch	0.0023391032165845276	0.002878578786789508	0.09642841102233117	0.05931174132111062	31.53283405303955
266	0.3315371113684711	1.01	yeast_gpl2529	0.2	minimal	chengchurch	0.0015764688821080087	0.0031010568640635855	0.08410307284108165	0.05623645377272346	31.53283405303955
267	0.0	1.01	yeast_gpl2529	0.5	strict	chengchurch	0.0	0.0	0.0	0.0	17.935278177261353
268	0.0	1.01	yeast_gpl2529	0.5	interconnected	chengchurch	0.0	0.0	0.0	0.0	17.935278177261353
269	0.0	1.01	yeast_gpl2529	0.5	minimal	chengchurch	0.0	0.0	0.0	0.0	17.935278177261353
270	0.6130127789015861	1.01	yeast_gpl2529	1.0	strict	chengchurch	0.04741329424019134	0.0057426039607685175	0.12111801242236025	0.03333333333333333	13.856376886367798
271	0.7215806509870202	1.01	yeast_gpl2529	1.0	interconnected	chengchurch	0.04787067888379841	0.004762644072622802	0.09948979591836735	0.037037037037037035	13.856376886367798
272	1.0954756944254147	1.01	yeast_gpl2529	1.0	minimal	chengchurch	0.06375905929044975	0.011742896242212003	0.13673469387755102	0.04065085493656922	13.856376886367798
273	0.0	1.1	yeast_gpl2529	0.0001	strict	chengchurch	0.0	0.0	0.0	0.0	618.1624629497528
274	0.0	1.1	yeast_gpl2529	0.0001	interconnected	chengchurch	0.0	0.0	0.0	0.0	618.1624629497528
275	0.0	1.1	yeast_gpl2529	0.0001	minimal	chengchurch	0.0	0.0	0.0	0.0	618.1624629497528
276	0.0	1.1	yeast_gpl2529	0.0002	strict	chengchurch	0.0	0.0	0.0	0.0	605.3846950531006
277	0.0	1.1	yeast_gpl2529	0.0002	interconnected	chengchurch	0.0	0.0	0.0	0.0	605.3846950531006
278	0.0	1.1	yeast_gpl2529	0.0002	minimal	chengchurch	0.0	0.0	0.0	0.0	605.3846950531006
279	0.0	1.1	yeast_gpl2529	0.0005	strict	chengchurch	0.0	0.0	0.0	0.0	594.1254630088806
280	0.0	1.1	yeast_gpl2529	0.0005	interconnected	chengchurch	0.0	0.0	0.0	0.0	594.1254630088806
281	0.0	1.1	yeast_gpl2529	0.0005	minimal	chengchurch	0.0	0.0	0.0	0.0	594.1254630088806
282	0.0	1.1	yeast_gpl2529	0.001	strict	chengchurch	0.0	0.0	0.0	0.0	588.5842409133911
283	0.0	1.1	yeast_gpl2529	0.001	interconnected	chengchurch	0.0	0.0	0.0	0.0	588.5842409133911
284	0.0	1.1	yeast_gpl2529	0.001	minimal	chengchurch	0.0	0.0	0.0	0.0	588.5842409133911
285	0.0	1.1	yeast_gpl2529	0.002	strict	chengchurch	0.0	0.0	0.0	0.0	545.8025460243225
286	0.0	1.1	yeast_gpl2529	0.002	interconnected	chengchurch	0.0	0.0	0.0	0.0	545.8025460243225
287	0.0	1.1	yeast_gpl2529	0.002	minimal	chengchurch	0.0	0.0	0.0	0.0	545.8025460243225
288	0.0	1.1	yeast_gpl2529	0.005	strict	chengchurch	0.0	0.0	0.0	0.0	505.2941789627075
289	0.0	1.1	yeast_gpl2529	0.005	interconnected	chengchurch	0.0	0.0	0.0	0.0	505.2941789627075
290	0.006341161994631595	1.1	yeast_gpl2529	0.005	minimal	chengchurch	1.7758471776485064e-05	0.00019047619047619045	0.06666666666666667	0.007263275969456275	505.2941789627075
291	0.0	1.1	yeast_gpl2529	0.01	strict	chengchurch	0.0	0.0	0.0	0.0	380.1124339103699
292	0.0805261879742829	1.1	yeast_gpl2529	0.01	interconnected	chengchurch	0.000311107513077306	0.0007774538386783285	0.10476190476190475	0.021921305360057205	380.1124339103699
293	0.10532825400324357	1.1	yeast_gpl2529	0.01	minimal	chengchurch	0.000342722788441066	0.0017645509816829957	0.09675657359718082	0.03886857779946763	380.1124339103699
294	0.4043567879792846	1.1	yeast_gpl2529	0.02	strict	chengchurch	0.002778538489135819	0.005399073049133073	0.1311171135120715	0.06046993661827422	285.261155128479
295	0.5432773694941236	1.1	yeast_gpl2529	0.02	interconnected	chengchurch	0.002818812162425882	0.0053703637526908215	0.11749981564608565	0.07130027974579072	285.261155128479
296	0.5229548415338563	1.1	yeast_gpl2529	0.02	minimal	chengchurch	0.002358852793041501	0.0067799342006596335	0.10582101857837152	0.0732790875403319	285.261155128479
297	0.031930351932041995	1.1	yeast_gpl2529	0.05	strict	chengchurch	0.00017823583180906594	0.0003450655624568668	0.1111111111111111	0.012646886920142734	151.1939079761505
298	0.06488714916084352	1.1	yeast_gpl2529	0.05	interconnected	chengchurch	0.00025431815603973177	0.0005437023294166152	0.09545454545454546	0.027195093552948715	151.1939079761505
299	0.06478535757548763	1.1	yeast_gpl2529	0.05	minimal	chengchurch	0.0001987863775296086	0.001221132608887711	0.09220779220779222	0.03933567199101649	151.1939079761505
300	0.18855076908489096	1.1	yeast_gpl2529	0.1	strict	chengchurch	0.001254824660391643	0.0019095121579593627	0.08984126984126983	0.049706588453285766	114.62666320800781
301	0.29137227666033877	1.1	yeast_gpl2529	0.1	interconnected	chengchurch	0.0014519445994112333	0.0022154619822378563	0.10237621221287281	0.05788994294910927	114.62666320800781
302	0.21164700656357738	1.1	yeast_gpl2529	0.1	minimal	chengchurch	0.0008248107266064317	0.0023328037610697724	0.10420081231924702	0.05097534548602563	114.62666320800781
303	0.0	1.1	yeast_gpl2529	0.2	strict	chengchurch	0.0	0.0	0.0	0.0	32.027825117111206
304	0.06306773014516019	1.1	yeast_gpl2529	0.2	interconnected	chengchurch	0.0002555655129184541	0.0005668934240362812	0.16666666666666666	0.013822869215026077	32.027825117111206
305	0.05384612729232818	1.1	yeast_gpl2529	0.2	minimal	chengchurch	0.00019202016015168862	0.0005931261393446267	0.09607843137254901	0.019782230978674483	32.027825117111206
306	0.0	1.1	yeast_gpl2529	0.5	strict	chengchurch	0.0	0.0	0.0	0.0	22.095794916152954
307	0.0	1.1	yeast_gpl2529	0.5	interconnected	chengchurch	0.0	0.0	0.0	0.0	22.095794916152954
308	0.0	1.1	yeast_gpl2529	0.5	minimal	chengchurch	0.0	0.0	0.0	0.0	22.095794916152954
309	0.6130127789015861	1.1	yeast_gpl2529	1.0	strict	chengchurch	0.04741329424019134	0.0057426039607685175	0.12111801242236025	0.03333333333333333	19.46246099472046
310	0.7215806509870202	1.1	yeast_gpl2529	1.0	interconnected	chengchurch	0.04787067888379841	0.004762644072622802	0.09948979591836735	0.037037037037037035	19.46246099472046
311	1.0954756944254147	1.1	yeast_gpl2529	1.0	minimal	chengchurch	0.06375905929044975	0.011742896242212003	0.13673469387755102	0.04065085493656922	19.46246099472046
312	0.0	1.5	yeast_gpl2529	0.0001	strict	chengchurch	0.0	0.0	0.0	0.0	5899.35013794899
313	0.0	1.5	yeast_gpl2529	0.0001	interconnected	chengchurch	0.0	0.0	0.0	0.0	5899.35013794899
314	0.0	1.5	yeast_gpl2529	0.0001	minimal	chengchurch	0.0	0.0	0.0	0.0	5899.35013794899
315	0.0	1.5	yeast_gpl2529	0.0002	strict	chengchurch	0.0	0.0	0.0	0.0	6552.458823919296
316	0.0	1.5	yeast_gpl2529	0.0002	interconnected	chengchurch	0.0	0.0	0.0	0.0	6552.458823919296
317	0.0	1.5	yeast_gpl2529	0.0002	minimal	chengchurch	0.0	0.0	0.0	0.0	6552.458823919296
318	0.0	1.5	yeast_gpl2529	0.0005	strict	chengchurch	0.0	0.0	0.0	0.0	6945.834608078003
319	0.0	1.5	yeast_gpl2529	0.0005	interconnected	chengchurch	0.0	0.0	0.0	0.0	6945.834608078003
320	0.0	1.5	yeast_gpl2529	0.0005	minimal	chengchurch	0.0	0.0	0.0	0.0	6945.834608078003
321	0.0	1.5	yeast_gpl2529	0.001	strict	chengchurch	0.0	0.0	0.0	0.0	8565.648257017136
322	0.0	1.5	yeast_gpl2529	0.001	interconnected	chengchurch	0.0	0.0	0.0	0.0	8565.648257017136
323	0.0	1.5	yeast_gpl2529	0.001	minimal	chengchurch	0.0	0.0	0.0	0.0	8565.648257017136
324	0.0	1.5	yeast_gpl2529	0.002	strict	chengchurch	0.0	0.0	0.0	0.0	10304.242900133133
325	0.0	1.5	yeast_gpl2529	0.002	interconnected	chengchurch	0.0	0.0	0.0	0.0	10304.242900133133
326	0.01501545038938269	1.5	yeast_gpl2529	0.002	minimal	chengchurch	4.5665582708479434e-05	0.00028571428571428574	0.1	0.007874296583974004	10304.242900133133
327	0.02775642827056407	1.5	yeast_gpl2529	0.005	strict	chengchurch	0.00014370226909046785	0.00034506556245686676	0.1111111111111111	0.012056878306878306	18802.106876850128
328	0.07330621122408994	1.5	yeast_gpl2529	0.005	interconnected	chengchurch	0.00027777247963911106	0.0007004657150429744	0.11688311688311688	0.023534616602998076	18802.106876850128
329	0.018883405519949763	1.5	yeast_gpl2529	0.005	minimal	chengchurch	5.5355758425234014e-05	0.0003910208421486617	0.07177033492822966	0.023127239630344004	18802.106876850128
330	0.3350695962499023	1.5	yeast_gpl2529	0.01	strict	chengchurch	0.0022853291441252087	0.003918613398272181	0.11171181120669613	0.06464270901379561	20553.744161128998
331	0.3133427310557803	1.5	yeast_gpl2529	0.01	interconnected	chengchurch	0.0015115809629978004	0.0026826899203230684	0.09062918096531543	0.05861970656479743	20553.744161128998
332	0.29074976073702197	1.5	yeast_gpl2529	0.01	minimal	chengchurch	0.0010569079250362069	0.00470880528606476	0.09298009682625066	0.06703425441188846	20553.744161128998
333	0.050833097614383115	1.5	yeast_gpl2529	0.02	strict	chengchurch	0.00037567658497306426	0.0003780718336483932	0.08695652173913043	0.020406402309951062	12100.362619161606
334	0.07203285359315881	1.5	yeast_gpl2529	0.02	interconnected	chengchurch	0.00029637185208204096	0.0006247396917950853	0.11428571428571428	0.01685553643886977	12100.362619161606
335	0.04246034165422172	1.5	yeast_gpl2529	0.02	minimal	chengchurch	0.00014039724034124054	0.0005761156137095987	0.09090909090909091	0.01911915237385895	12100.362619161606
336	0.27043095005353746	1.5	yeast_gpl2529	0.05	strict	chengchurch	0.0021273195122390736	0.0024142016132862815	0.10457040035987406	0.05820435942843314	5857.57678103447
337	0.2579558532897384	1.5	yeast_gpl2529	0.05	interconnected	chengchurch	0.0014217566354057221	0.0016787804032701995	0.08689976689976689	0.05633964562871583	5857.57678103447
338	0.2243079574935188	1.5	yeast_gpl2529	0.05	minimal	chengchurch	0.0009216689179378281	0.002301439409337489	0.09003180437431055	0.05008420719150252	5857.57678103447
339	0.12560379016902146	1.5	yeast_gpl2529	0.1	strict	chengchurch	0.0007157726226724336	0.0015837164905487886	0.11125541125541126	0.03159297425601774	3312.710636138916
340	0.16598376840122797	1.5	yeast_gpl2529	0.1	interconnected	chengchurch	0.0006344408169405184	0.0019151376030334512	0.1058211424590735	0.037023753690621865	3312.710636138916
341	0.0740945323062385	1.5	yeast_gpl2529	0.1	minimal	chengchurch	0.00024147607494606058	0.001273791829657033	0.07497373949579832	0.02425465546762512	3312.710636138916
342	0.0	1.5	yeast_gpl2529	0.2	strict	chengchurch	0.0	0.0	0.0	0.0	1960.0488021373749
343	0.0	1.5	yeast_gpl2529	0.2	interconnected	chengchurch	0.0	0.0	0.0	0.0	1960.0488021373749
344	0.0	1.5	yeast_gpl2529	0.2	minimal	chengchurch	0.0	0.0	0.0	0.0	1960.0488021373749
345	0.8339895839379574	1.5	yeast_gpl2529	0.5	strict	chengchurch	0.04740978182240661	0.00728466346182274	0.12888314671260406	0.054514875886079076	57.04830503463745
346	0.8973383850322617	1.5	yeast_gpl2529	0.5	interconnected	chengchurch	0.046182790167274494	0.005678373367225595	0.09924228966439459	0.05453916934635905	57.04830503463745
347	1.2592475821896696	1.5	yeast_gpl2529	0.5	minimal	chengchurch	0.05272964179925715	0.012566804969063802	0.12315126897704032	0.054563729742183896	57.04830503463745
348	0.6130127789015861	1.5	yeast_gpl2529	1.0	strict	chengchurch	0.04741329424019134	0.0057426039607685175	0.12111801242236025	0.03333333333333333	12.661858797073364
349	0.7215806509870202	1.5	yeast_gpl2529	1.0	interconnected	chengchurch	0.04787067888379841	0.004762644072622802	0.09948979591836735	0.037037037037037035	12.661858797073364
350	1.0954756944254147	1.5	yeast_gpl2529	1.0	minimal	chengchurch	0.06375905929044975	0.011742896242212003	0.13673469387755102	0.04065085493656922	12.661858797073364
351	0.0	1.01	yeast_dream5	0.0001	strict	chengchurch	0.0	0.0	0.0	0.0	123.93244194984436
352	0.0	1.01	yeast_dream5	0.0001	interconnected	chengchurch	0.0	0.0	0.0	0.0	123.93244194984436
353	0.0	1.01	yeast_dream5	0.0001	minimal	chengchurch	0.0	0.0	0.0	0.0	123.93244194984436
354	0.0	1.01	yeast_dream5	0.0002	strict	chengchurch	0.0	0.0	0.0	0.0	126.17495894432068
355	0.0	1.01	yeast_dream5	0.0002	interconnected	chengchurch	0.0	0.0	0.0	0.0	126.17495894432068
356	0.0	1.01	yeast_dream5	0.0002	minimal	chengchurch	0.0	0.0	0.0	0.0	126.17495894432068
357	0.0	1.01	yeast_dream5	0.0005	strict	chengchurch	0.0	0.0	0.0	0.0	120.30307388305664
358	0.0	1.01	yeast_dream5	0.0005	interconnected	chengchurch	0.0	0.0	0.0	0.0	120.30307388305664
359	0.0	1.01	yeast_dream5	0.0005	minimal	chengchurch	0.0	0.0	0.0	0.0	120.30307388305664
360	0.0	1.01	yeast_dream5	0.001	strict	chengchurch	0.0	0.0	0.0	0.0	119.42921781539917
361	0.0	1.01	yeast_dream5	0.001	interconnected	chengchurch	0.0	0.0	0.0	0.0	119.42921781539917
362	0.0	1.01	yeast_dream5	0.001	minimal	chengchurch	0.0	0.0	0.0	0.0	119.42921781539917
363	0.0	1.01	yeast_dream5	0.002	strict	chengchurch	0.0	0.0	0.0	0.0	111.61065292358398
364	0.007175854658217908	1.01	yeast_dream5	0.002	interconnected	chengchurch	1.2425026821836771e-05	6.784720808738721e-05	0.058823529411764705	0.0043805117334529105	111.61065292358398
365	0.002500293721426007	1.01	yeast_dream5	0.002	minimal	chengchurch	4.250930732400033e-06	4.528985507246377e-05	0.05	0.0020707808284168234	111.61065292358398
366	0.0	1.01	yeast_dream5	0.005	strict	chengchurch	0.0	0.0	0.0	0.0	96.83217906951904
367	0.0	1.01	yeast_dream5	0.005	interconnected	chengchurch	0.0	0.0	0.0	0.0	96.83217906951904
368	0.0	1.01	yeast_dream5	0.005	minimal	chengchurch	0.0	0.0	0.0	0.0	96.83217906951904
369	0.0	1.01	yeast_dream5	0.01	strict	chengchurch	0.0	0.0	0.0	0.0	99.1579520702362
370	0.0	1.01	yeast_dream5	0.01	interconnected	chengchurch	0.0	0.0	0.0	0.0	99.1579520702362
371	0.0020609801763875894	1.01	yeast_dream5	0.01	minimal	chengchurch	3.2220977494789622e-06	0.00015462596984336114	0.05606060606060606	0.007322917505535269	99.1579520702362
372	0.08284393342466499	1.01	yeast_dream5	0.02	strict	chengchurch	0.00026408036593017107	0.0009994027442975933	0.07847593582887702	0.018670927364078365	78.90971302986145
373	0.1843693656052021	1.01	yeast_dream5	0.02	interconnected	chengchurch	0.00040223651216673235	0.001152046056657753	0.07371207477686312	0.03904887228456952	78.90971302986145
374	0.0804217713284255	1.01	yeast_dream5	0.02	minimal	chengchurch	0.00014384243057072793	0.0013024197679810795	0.07010223008286283	0.03436913235578793	78.90971302986145
375	0.5113921281496451	1.01	yeast_dream5	0.05	strict	chengchurch	0.0023704581713595517	0.0045540165412155656	0.09427232120509432	0.06799989052448573	42.495924949645996
376	0.5768750017216385	1.01	yeast_dream5	0.05	interconnected	chengchurch	0.0017043994222493352	0.0034311966963137125	0.08000715581985565	0.06124919051634194	42.495924949645996
377	0.42646965973421447	1.01	yeast_dream5	0.05	minimal	chengchurch	0.0009454118658694517	0.005490196651303885	0.08030398641772266	0.058516612687273865	42.495924949645996
378	0.4019692871761704	1.01	yeast_dream5	0.1	strict	chengchurch	0.001762630399446502	0.0032656386024261675	0.10163782976282976	0.0620535773713063	20.016567945480347
379	0.38271176285084924	1.01	yeast_dream5	0.1	interconnected	chengchurch	0.0010806357416745208	0.0018573966628003293	0.07575455376623028	0.05413826412311141	20.016567945480347
380	0.24773156170008379	1.01	yeast_dream5	0.1	minimal	chengchurch	0.0005228630571992213	0.0027081969021652418	0.06963944003011532	0.045669169087884334	20.016567945480347
381	0.2406407499336192	1.01	yeast_dream5	0.2	strict	chengchurch	0.0010212615093759963	0.0017518170615549462	0.09332004332833611	0.043929114714518866	11.22487211227417
382	0.2757637899796668	1.01	yeast_dream5	0.2	interconnected	chengchurch	0.0007954442740499205	0.0011772059450899594	0.07867991891387094	0.04011943287765524	11.22487211227417
383	0.17926796494800154	1.01	yeast_dream5	0.2	minimal	chengchurch	0.0003725867904832632	0.0017769563732874557	0.07390730642817696	0.036621053795011016	11.22487211227417
384	0.0	1.01	yeast_dream5	0.5	strict	chengchurch	0.0	0.0	0.0	0.0	5.395672082901001
385	0.0	1.01	yeast_dream5	0.5	interconnected	chengchurch	0.0	0.0	0.0	0.0	5.395672082901001
386	0.0	1.01	yeast_dream5	0.5	minimal	chengchurch	0.0	0.0	0.0	0.0	5.395672082901001
387	0.6392163564059573	1.01	yeast_dream5	1.0	strict	chengchurch	0.04125688683663393	0.004774112984550039	0.1157167530224525	0.023809523809523808	5.429836988449097
388	0.6298525953931415	1.01	yeast_dream5	1.0	interconnected	chengchurch	0.03308682181061581	0.002633207272125136	0.07958477508650519	0.021276595744680847	5.429836988449097
389	1.0906293432514773	1.01	yeast_dream5	1.0	minimal	chengchurch	0.05136557520927803	0.007979447480890937	0.09782608695652174	0.028584368530020703	5.429836988449097
390	0.0	1.1	yeast_dream5	0.0001	strict	chengchurch	0.0	0.0	0.0	0.0	101.99218797683716
391	0.0	1.1	yeast_dream5	0.0001	interconnected	chengchurch	0.0	0.0	0.0	0.0	101.99218797683716
392	0.0	1.1	yeast_dream5	0.0001	minimal	chengchurch	0.0	0.0	0.0	0.0	101.99218797683716
393	0.0	1.1	yeast_dream5	0.0002	strict	chengchurch	0.0	0.0	0.0	0.0	123.34245991706848
394	0.0	1.1	yeast_dream5	0.0002	interconnected	chengchurch	0.0	0.0	0.0	0.0	123.34245991706848
395	0.0	1.1	yeast_dream5	0.0002	minimal	chengchurch	0.0	0.0	0.0	0.0	123.34245991706848
396	0.0	1.1	yeast_dream5	0.0005	strict	chengchurch	0.0	0.0	0.0	0.0	126.66672611236572
397	0.0	1.1	yeast_dream5	0.0005	interconnected	chengchurch	0.0	0.0	0.0	0.0	126.66672611236572
398	0.0	1.1	yeast_dream5	0.0005	minimal	chengchurch	0.0	0.0	0.0	0.0	126.66672611236572
399	0.0	1.1	yeast_dream5	0.001	strict	chengchurch	0.0	0.0	0.0	0.0	125.82619190216064
400	0.0	1.1	yeast_dream5	0.001	interconnected	chengchurch	0.0	0.0	0.0	0.0	125.82619190216064
401	0.0	1.1	yeast_dream5	0.001	minimal	chengchurch	0.0	0.0	0.0	0.0	125.82619190216064
402	0.0	1.1	yeast_dream5	0.002	strict	chengchurch	0.0	0.0	0.0	0.0	89.63131785392761
403	0.0	1.1	yeast_dream5	0.002	interconnected	chengchurch	0.0	0.0	0.0	0.0	89.63131785392761
404	0.0	1.1	yeast_dream5	0.002	minimal	chengchurch	0.0	0.0	0.0	0.0	89.63131785392761
405	0.0	1.1	yeast_dream5	0.005	strict	chengchurch	0.0	0.0	0.0	0.0	99.08514094352722
406	0.0	1.1	yeast_dream5	0.005	interconnected	chengchurch	0.0	0.0	0.0	0.0	99.08514094352722
407	0.0014578703423474614	1.1	yeast_dream5	0.005	minimal	chengchurch	2.281224282995445e-06	0.0001121463077984817	0.047619047619047616	0.003874679427082781	99.08514094352722
408	0.026015854152264112	1.1	yeast_dream5	0.01	strict	chengchurch	7.523711083225085e-05	0.00034424823469975205	0.06190476190476191	0.010926580560970558	85.41898083686829
409	0.10511540377348703	1.1	yeast_dream5	0.01	interconnected	chengchurch	0.0002099870172703074	0.0008190371693425955	0.08500477393621801	0.02061804665971612	85.41898083686829
410	0.07944573801660798	1.1	yeast_dream5	0.01	minimal	chengchurch	0.0001435258519210266	0.0013488780724120206	0.08722331009972582	0.023294474003985068	85.41898083686829
411	0.2167893378336085	1.1	yeast_dream5	0.02	strict	chengchurch	0.0008072285979051302	0.001956250290817278	0.10924194852766282	0.04029969218259491	89.8036139011383
412	0.1737524574127308	1.1	yeast_dream5	0.02	interconnected	chengchurch	0.00037047665491882643	0.0012021984041230994	0.07487722205256078	0.032717397257646434	89.8036139011383
413	0.06669920715064985	1.1	yeast_dream5	0.02	minimal	chengchurch	0.00012337313517196092	0.0008779626333432547	0.06151934208348179	0.023653870686824358	89.8036139011383
414	0.5031757247010427	1.1	yeast_dream5	0.05	strict	chengchurch	0.002404944433695501	0.004107952719974803	0.0921396900201248	0.07103787775614478	38.85393500328064
415	0.6342613427261036	1.1	yeast_dream5	0.05	interconnected	chengchurch	0.0019832254145556263	0.0036234299234773407	0.08073028965672556	0.06498809542957477	38.85393500328064
416	0.36299138172193457	1.1	yeast_dream5	0.05	minimal	chengchurch	0.0008000049183003866	0.00425556853295409	0.07368706348985711	0.05454583240439633	38.85393500328064
417	0.49327455547515925	1.1	yeast_dream5	0.1	strict	chengchurch	0.0027358401990362742	0.0033649695166959445	0.12053062712732879	0.05495284800309276	15.856783866882324
418	0.4223104367069352	1.1	yeast_dream5	0.1	interconnected	chengchurch	0.001328495473938859	0.00193497055619125	0.08189477936691734	0.04698236872960197	15.856783866882324
419	0.2831542995141267	1.1	yeast_dream5	0.1	minimal	chengchurch	0.0005857756885683598	0.003203171376323249	0.09759530923239568	0.05207955645764557	15.856783866882324
420	0.3373346280254328	1.1	yeast_dream5	0.2	strict	chengchurch	0.0019317849857211455	0.0019700868923979735	0.091168314877554	0.04616914973068753	9.995058059692383
421	0.3929303505381168	1.1	yeast_dream5	0.2	interconnected	chengchurch	0.0015865210701897494	0.0013449848865007277	0.07597786522902622	0.04532414364902081	9.995058059692383
422	0.41896611190815064	1.1	yeast_dream5	0.2	minimal	chengchurch	0.0011268615116624664	0.0030338829392172963	0.08648926523926524	0.0435991459384926	9.995058059692383
423	0.0	1.1	yeast_dream5	0.5	strict	chengchurch	0.0	0.0	0.0	0.0	6.5050950050354
424	0.0	1.1	yeast_dream5	0.5	interconnected	chengchurch	0.0	0.0	0.0	0.0	6.5050950050354
425	0.0	1.1	yeast_dream5	0.5	minimal	chengchurch	0.0	0.0	0.0	0.0	6.5050950050354
426	0.6392163564059573	1.1	yeast_dream5	1.0	strict	chengchurch	0.04125688683663393	0.004774112984550039	0.1157167530224525	0.023809523809523808	5.145205020904541
427	0.6298525953931415	1.1	yeast_dream5	1.0	interconnected	chengchurch	0.03308682181061581	0.002633207272125136	0.07958477508650519	0.021276595744680847	5.145205020904541
428	1.0906293432514773	1.1	yeast_dream5	1.0	minimal	chengchurch	0.05136557520927803	0.007979447480890937	0.09782608695652174	0.028584368530020703	5.145205020904541
429	0.0	1.5	yeast_dream5	0.0001	strict	chengchurch	0.0	0.0	0.0	0.0	1396.1784329414368
430	0.0	1.5	yeast_dream5	0.0001	interconnected	chengchurch	0.0	0.0	0.0	0.0	1396.1784329414368
431	0.0	1.5	yeast_dream5	0.0001	minimal	chengchurch	0.0	0.0	0.0	0.0	1396.1784329414368
432	0.0	1.5	yeast_dream5	0.0002	strict	chengchurch	0.0	0.0	0.0	0.0	1831.9138989448547
433	0.0	1.5	yeast_dream5	0.0002	interconnected	chengchurch	0.0	0.0	0.0	0.0	1831.9138989448547
434	0.0	1.5	yeast_dream5	0.0002	minimal	chengchurch	0.0	0.0	0.0	0.0	1831.9138989448547
435	0.0	1.5	yeast_dream5	0.0005	strict	chengchurch	0.0	0.0	0.0	0.0	2531.091861963272
436	0.0	1.5	yeast_dream5	0.0005	interconnected	chengchurch	0.0	0.0	0.0	0.0	2531.091861963272
437	0.0	1.5	yeast_dream5	0.0005	minimal	chengchurch	0.0	0.0	0.0	0.0	2531.091861963272
438	0.0	1.5	yeast_dream5	0.001	strict	chengchurch	0.0	0.0	0.0	0.0	3040.6428978443146
439	0.0	1.5	yeast_dream5	0.001	interconnected	chengchurch	0.0	0.0	0.0	0.0	3040.6428978443146
440	0.0	1.5	yeast_dream5	0.001	minimal	chengchurch	0.0	0.0	0.0	0.0	3040.6428978443146
441	0.0	1.5	yeast_dream5	0.002	strict	chengchurch	0.0	0.0	0.0	0.0	3943.9821519851685
442	0.0	1.5	yeast_dream5	0.002	interconnected	chengchurch	0.0	0.0	0.0	0.0	3943.9821519851685
443	0.0	1.5	yeast_dream5	0.002	minimal	chengchurch	0.0	0.0	0.0	0.0	3943.9821519851685
444	0.02914195551403374	1.5	yeast_dream5	0.005	strict	chengchurch	9.971351769315862e-05	0.0002424022058600733	0.10526315789473684	0.008353262582585891	5329.96165394783
445	0.021503881240005965	1.5	yeast_dream5	0.005	interconnected	chengchurch	4.3991117113725354e-05	0.00012357884330202668	0.08333333333333333	0.00666336265565906	5329.96165394783
446	0.018571371941985066	1.5	yeast_dream5	0.005	minimal	chengchurch	3.236780066960782e-05	0.0002773902709964091	0.06578388931330108	0.015016350943489682	5329.96165394783
447	0.09770316580389359	1.5	yeast_dream5	0.01	strict	chengchurch	0.00032263885941854803	0.000964530484415569	0.07647945180074922	0.02876465698975976	4587.826105117798
448	0.14066714092346497	1.5	yeast_dream5	0.01	interconnected	chengchurch	0.000291707622604321	0.000981807403224267	0.08149970330421456	0.028717254271258482	4587.826105117798
449	0.06851651715184863	1.5	yeast_dream5	0.01	minimal	chengchurch	0.0001222198162526751	0.0011059829782158234	0.06814215211967709	0.029627456090656652	4587.826105117798
450	0.27293553047119307	1.5	yeast_dream5	0.02	strict	chengchurch	0.0010343584129218198	0.002534751081728786	0.10962400694705594	0.04766955064282904	2299.5530710220337
451	0.37408574580066	1.5	yeast_dream5	0.02	interconnected	chengchurch	0.0009157400822924723	0.0025095762640960305	0.08416994061903645	0.047388342606765825	2299.5530710220337
452	0.22658594387477782	1.5	yeast_dream5	0.02	minimal	chengchurch	0.0004546997778343829	0.002719907910882831	0.07506958640291124	0.052132634695366074	2299.5530710220337
453	0.3325318783688292	1.5	yeast_dream5	0.05	strict	chengchurch	0.0013679520291663202	0.002905856134613995	0.11071889209188981	0.04936343464620429	757.9796869754791
454	0.4647639899694741	1.5	yeast_dream5	0.05	interconnected	chengchurch	0.0013006770428683778	0.0025301200254749796	0.08681659339684239	0.05546238819079172	757.9796869754791
455	0.2636284982972301	1.5	yeast_dream5	0.05	minimal	chengchurch	0.0005511086214325662	0.003270023301656492	0.06609952812239309	0.04691725712067193	757.9796869754791
456	0.9459522509144456	1.5	yeast_dream5	0.1	strict	chengchurch	0.012047808014984295	0.00587189861351647	0.11305017529485231	0.06667026112755808	297.76190209388733
457	1.0670887983179	1.5	yeast_dream5	0.1	interconnected	chengchurch	0.009275308069480967	0.004341053297825445	0.09263392176352162	0.0614268692363829	297.76190209388733
458	1.1389303931254189	1.5	yeast_dream5	0.1	minimal	chengchurch	0.007765831739590376	0.007710849961547109	0.07752600008004759	0.053981741744314686	297.76190209388733
459	0.21438519781889268	1.5	yeast_dream5	0.2	strict	chengchurch	0.0009814688869103287	0.0013643915156534244	0.10663922099405972	0.037173483764771025	63.53834795951843
460	0.23719027759726724	1.5	yeast_dream5	0.2	interconnected	chengchurch	0.0006069671217643651	0.001145827426072524	0.07139478598456926	0.04207421413146058	63.53834795951843
461	0.13331722815846142	1.5	yeast_dream5	0.2	minimal	chengchurch	0.0002524641057900224	0.0017823379939713776	0.07442901010979104	0.03838598559396829	63.53834795951843
462	0.8696038789528077	1.5	yeast_dream5	0.5	strict	chengchurch	0.04104733270321333	0.005587609951355944	0.10805545437486892	0.04075422847786873	10.071959972381592
463	0.8686408759540226	1.5	yeast_dream5	0.5	interconnected	chengchurch	0.032699009199707856	0.0032602636250271483	0.08665721757425865	0.03534857590269426	10.071959972381592
464	1.2723964875516218	1.5	yeast_dream5	0.5	minimal	chengchurch	0.041305948885448814	0.008428193491814222	0.08363946535731229	0.04010881402857299	10.071959972381592
465	0.6392163564059573	1.5	yeast_dream5	1.0	strict	chengchurch	0.04125688683663393	0.004774112984550039	0.1157167530224525	0.023809523809523808	5.151777982711792
466	0.6298525953931415	1.5	yeast_dream5	1.0	interconnected	chengchurch	0.03308682181061581	0.002633207272125136	0.07958477508650519	0.021276595744680847	5.151777982711792
467	1.0906293432514773	1.5	yeast_dream5	1.0	minimal	chengchurch	0.05136557520927803	0.007979447480890937	0.09782608695652174	0.028584368530020703	5.151777982711792
