	F1norm_rprr	bandwidth	cluster_all	datasetname	knownmodules	method	precision	recall	recovery	relevance	runningtime
0	0.27723281462218496	auto	1	ecoli_colombos	strict	meanshift	0.02743866907522871	0.001570916168429125	0.05725190839694656	0.019230769230769232	1802.8653330802917
1	0.9237213191982848	auto	1	ecoli_colombos	minimal	meanshift	0.06095606005000181	0.012645494401695939	0.1425287356321839	0.023451261382295863	1802.8653330802917
2	0.549880644505091	auto	1	ecoli_colombos	interconnected	meanshift	0.03655832703451752	0.0029594836170799893	0.08095238095238096	0.023809523809523808	1802.8653330802917
3	0.0	2.5	1	ecoli_colombos	strict	meanshift	0.0	0.0	0.0	0.0	24.27007007598877
4	0.0	2.5	1	ecoli_colombos	minimal	meanshift	0.0	0.0	0.0	0.0	24.27007007598877
5	0.0	2.5	1	ecoli_colombos	interconnected	meanshift	0.0	0.0	0.0	0.0	24.27007007598877
6	0.0	5.0	1	ecoli_colombos	strict	meanshift	0.0	0.0	0.0	0.0	38.43945002555847
7	0.0	5.0	1	ecoli_colombos	minimal	meanshift	0.0	0.0	0.0	0.0	38.43945002555847
8	0.0	5.0	1	ecoli_colombos	interconnected	meanshift	0.0	0.0	0.0	0.0	38.43945002555847
9	0.0	7.5	1	ecoli_colombos	strict	meanshift	0.0	0.0	0.0	0.0	61.67259883880615
10	0.0	7.5	1	ecoli_colombos	minimal	meanshift	0.0	0.0	0.0	0.0	61.67259883880615
11	0.0	7.5	1	ecoli_colombos	interconnected	meanshift	0.0	0.0	0.0	0.0	61.67259883880615
12	0.0	10.0	1	ecoli_colombos	strict	meanshift	0.0	0.0	0.0	0.0	87.58846807479858
13	0.0	10.0	1	ecoli_colombos	minimal	meanshift	0.0	0.0	0.0	0.0	87.58846807479858
14	0.0	10.0	1	ecoli_colombos	interconnected	meanshift	0.0	0.0	0.0	0.0	87.58846807479858
15	0.0	12.5	1	ecoli_colombos	strict	meanshift	0.0	0.0	0.0	0.0	94.24267482757568
16	0.0	12.5	1	ecoli_colombos	minimal	meanshift	0.0	0.0	0.0	0.0	94.24267482757568
17	0.0	12.5	1	ecoli_colombos	interconnected	meanshift	0.0	0.0	0.0	0.0	94.24267482757568
18	0.0	15.0	1	ecoli_colombos	strict	meanshift	0.0	0.0	0.0	0.0	105.65868091583252
19	0.0	15.0	1	ecoli_colombos	minimal	meanshift	0.0	0.0	0.0	0.0	105.65868091583252
20	0.0	15.0	1	ecoli_colombos	interconnected	meanshift	0.0	0.0	0.0	0.0	105.65868091583252
21	0.0	17.5	1	ecoli_colombos	strict	meanshift	0.0	0.0	0.0	0.0	116.3292510509491
22	0.0	17.5	1	ecoli_colombos	minimal	meanshift	0.0	0.0	0.0	0.0	116.3292510509491
23	0.0	17.5	1	ecoli_colombos	interconnected	meanshift	0.0	0.0	0.0	0.0	116.3292510509491
24	0.0	20.0	1	ecoli_colombos	strict	meanshift	0.0	0.0	0.0	0.0	112.97583198547363
25	0.0	20.0	1	ecoli_colombos	minimal	meanshift	0.0	0.0	0.0	0.0	112.97583198547363
26	0.0	20.0	1	ecoli_colombos	interconnected	meanshift	0.0	0.0	0.0	0.0	112.97583198547363
27	0.153448862839188	22.5	1	ecoli_colombos	strict	meanshift	0.000936133570480842	0.0036342515765018257	0.19565217391304346	0.00954937511001584	110.49687004089355
28	0.03252516957607018	22.5	1	ecoli_colombos	minimal	meanshift	9.75231161873657e-05	0.0009652564713743803	0.10111662531017371	0.005835592129333052	110.49687004089355
29	0.12451034998371606	22.5	1	ecoli_colombos	interconnected	meanshift	0.00042140151515151515	0.0022442680776014108	0.14930555555555555	0.009014550264550265	110.49687004089355
30	0.153448862839188	25.0	1	ecoli_colombos	strict	meanshift	0.000936133570480842	0.0036342515765018257	0.19565217391304346	0.00954937511001584	126.64701700210571
31	0.040665666928270824	25.0	1	ecoli_colombos	minimal	meanshift	0.00012102598500584223	0.0013283990758962952	0.13957816377171217	0.007148279029775934	126.64701700210571
32	0.12451034998371606	25.0	1	ecoli_colombos	interconnected	meanshift	0.00042140151515151515	0.0022442680776014108	0.14930555555555555	0.009014550264550265	126.64701700210571
33	0.6800310317080496	27.5	1	ecoli_colombos	strict	meanshift	0.00863034833388131	0.013909171368514215	0.43719806763285024	0.02724725693833245	128.05065393447876
34	0.48770540077313035	27.5	1	ecoli_colombos	minimal	meanshift	0.0016037833237982709	0.012970449914276387	0.3951681830714089	0.05864274435082807	128.05065393447876
35	0.20601930763827522	27.5	1	ecoli_colombos	interconnected	meanshift	0.0008802308802308801	0.0036331569664902995	0.18055555555555555	0.010502645502645503	128.05065393447876
36	2.9373531229531213	30.0	1	ecoli_colombos	strict	meanshift	0.05396357121655864	0.06837995526802365	0.6352490370606313	0.11465887622807748	135.7417938709259
37	1.694865118007356	30.0	1	ecoli_colombos	minimal	meanshift	0.009173981032857416	0.028644686170276906	0.3640550168563751	0.08965105943505297	135.7417938709259
38	1.8686760374489269	30.0	1	ecoli_colombos	interconnected	meanshift	0.013652488123152992	0.027427673370133684	0.360104739010989	0.07697370796785051	135.7417938709259
39	4.046723955751462	32.5	1	ecoli_colombos	strict	meanshift	0.07808533997184121	0.1007723003624343	0.6324262022324191	0.16511730799989668	120.31571292877197
40	2.2464732753972583	32.5	1	ecoli_colombos	minimal	meanshift	0.01499655732379445	0.038670790541391276	0.36209737113282237	0.09975128872556505	120.31571292877197
41	2.537712347262475	32.5	1	ecoli_colombos	interconnected	meanshift	0.021777674463791773	0.040039673472601095	0.3654506812223311	0.1012185627988433	120.31571292877197
42	4.795639323750892	35.0	1	ecoli_colombos	strict	meanshift	0.1059892777794062	0.12760988826787034	0.6382368613672962	0.19558373761684458	144.60444903373718
43	2.5823100035619655	35.0	1	ecoli_colombos	minimal	meanshift	0.017949910075730213	0.04891730054451032	0.33500935249448527	0.1141054383980127	144.60444903373718
44	2.899908347220159	35.0	1	ecoli_colombos	interconnected	meanshift	0.026054562289406544	0.04946403489744896	0.3408456804009619	0.1182555491696973	144.60444903373718
45	5.343749191895396	37.5	1	ecoli_colombos	strict	meanshift	0.11500740767884075	0.13733034553738116	0.573199559828666	0.23860389863230239	166.57288098335266
46	3.215673268625054	37.5	1	ecoli_colombos	minimal	meanshift	0.022980223234243754	0.06565209500606621	0.33457245125057716	0.14723326291829958	166.57288098335266
47	4.060912094184051	37.5	1	ecoli_colombos	interconnected	meanshift	0.04037168887177608	0.07170721390914221	0.37310519170838347	0.17325763759493065	166.57288098335266
48	5.218786768759452	40.0	1	ecoli_colombos	strict	meanshift	0.1172309121577683	0.1290323282929512	0.5119339990395506	0.24189396677961492	205.2274730205536
49	3.5322428890769575	40.0	1	ecoli_colombos	minimal	meanshift	0.035126085488642406	0.06995599986562161	0.30717999643259436	0.13917240384013993	205.2274730205536
50	4.49523373671119	40.0	1	ecoli_colombos	interconnected	meanshift	0.05545004908030409	0.07868750881172275	0.35613461027883125	0.19020762634636676	205.2274730205536
51	5.759860627065576	42.5	1	ecoli_colombos	strict	meanshift	0.14419449358117195	0.1405074861644639	0.5790108584886664	0.25809454061062237	213.8345329761505
52	4.283377141938719	42.5	1	ecoli_colombos	minimal	meanshift	0.04638571259816197	0.08753872607079348	0.37496822835986404	0.1594877378297675	213.8345329761505
53	4.953183244783486	42.5	1	ecoli_colombos	interconnected	meanshift	0.06839304784667348	0.08642178186505205	0.39043425730473763	0.20276559183498793	213.8345329761505
54	4.170811155646617	45.0	1	ecoli_colombos	strict	meanshift	0.08628620508525936	0.0872026180376825	0.5001604715974134	0.18913921495679917	290.3473207950592
55	3.1872141032950467	45.0	1	ecoli_colombos	minimal	meanshift	0.026998529020657244	0.0483817108895792	0.2825985066783447	0.15259729129820424	290.3473207950592
56	2.8358181802138915	45.0	1	ecoli_colombos	interconnected	meanshift	0.03484802815322675	0.042974731494335255	0.27560533127791054	0.1132828812404965	290.3473207950592
57	3.899760069650657	47.5	1	ecoli_colombos	strict	meanshift	0.08070526179782826	0.06877880895330928	0.45806608628299805	0.18761082511262012	508.18494391441345
58	2.687579567577134	47.5	1	ecoli_colombos	minimal	meanshift	0.028320807034117882	0.03945045645573768	0.27438366680921594	0.10596978315936566	508.18494391441345
59	2.923423518156962	47.5	1	ecoli_colombos	interconnected	meanshift	0.03638081851034971	0.03385461522664134	0.28635952167233997	0.12628586682369441	508.18494391441345
60	1.766165097311753	50.0	1	ecoli_colombos	strict	meanshift	0.034588278265652805	0.028033211787829738	0.29376717614397957	0.07964444830309676	1257.9901449680328
61	1.879731235722838	50.0	1	ecoli_colombos	minimal	meanshift	0.033216816075089674	0.023406085841652404	0.17164400355683498	0.06726032463506898	1257.9901449680328
62	1.838094790453421	50.0	1	ecoli_colombos	interconnected	meanshift	0.029866026474176414	0.017644468754967606	0.19961988544069062	0.07579943454549526	1257.9901449680328
63	0.27723281462218496	52.5	1	ecoli_colombos	strict	meanshift	0.02743866907522871	0.001570916168429125	0.05725190839694656	0.019230769230769232	4458.498702049255
64	0.9237213191982848	52.5	1	ecoli_colombos	minimal	meanshift	0.06095606005000181	0.012645494401695939	0.1425287356321839	0.023451261382295863	4458.498702049255
65	0.549880644505091	52.5	1	ecoli_colombos	interconnected	meanshift	0.03655832703451752	0.0029594836170799893	0.08095238095238096	0.023809523809523808	4458.498702049255
66	0.27723281462218496	55.0	1	ecoli_colombos	strict	meanshift	0.02743866907522871	0.001570916168429125	0.05725190839694656	0.019230769230769232	2304.900580883026
67	0.9237213191982848	55.0	1	ecoli_colombos	minimal	meanshift	0.06095606005000181	0.012645494401695939	0.1425287356321839	0.023451261382295863	2304.900580883026
68	0.549880644505091	55.0	1	ecoli_colombos	interconnected	meanshift	0.03655832703451752	0.0029594836170799893	0.08095238095238096	0.023809523809523808	2304.900580883026
69	0.27723281462218496	57.5	1	ecoli_colombos	strict	meanshift	0.02743866907522871	0.001570916168429125	0.05725190839694656	0.019230769230769232	2203.26123714447
70	0.9237213191982848	57.5	1	ecoli_colombos	minimal	meanshift	0.06095606005000181	0.012645494401695939	0.1425287356321839	0.023451261382295863	2203.26123714447
71	0.549880644505091	57.5	1	ecoli_colombos	interconnected	meanshift	0.03655832703451752	0.0029594836170799893	0.08095238095238096	0.023809523809523808	2203.26123714447
72	0.27723281462218496	60.0	1	ecoli_colombos	strict	meanshift	0.02743866907522871	0.001570916168429125	0.05725190839694656	0.019230769230769232	1714.1259150505066
73	0.9237213191982848	60.0	1	ecoli_colombos	minimal	meanshift	0.06095606005000181	0.012645494401695939	0.1425287356321839	0.023451261382295863	1714.1259150505066
74	0.549880644505091	60.0	1	ecoli_colombos	interconnected	meanshift	0.03655832703451752	0.0029594836170799893	0.08095238095238096	0.023809523809523808	1714.1259150505066
75	0.27723281462218496	62.5	1	ecoli_colombos	strict	meanshift	0.02743866907522871	0.001570916168429125	0.05725190839694656	0.019230769230769232	1765.7577710151672
76	0.9237213191982848	62.5	1	ecoli_colombos	minimal	meanshift	0.06095606005000181	0.012645494401695939	0.1425287356321839	0.023451261382295863	1765.7577710151672
77	0.549880644505091	62.5	1	ecoli_colombos	interconnected	meanshift	0.03655832703451752	0.0029594836170799893	0.08095238095238096	0.023809523809523808	1765.7577710151672
78	0.27723281462218496	65.0	1	ecoli_colombos	strict	meanshift	0.02743866907522871	0.001570916168429125	0.05725190839694656	0.019230769230769232	1622.3391139507294
79	0.9237213191982848	65.0	1	ecoli_colombos	minimal	meanshift	0.06095606005000181	0.012645494401695939	0.1425287356321839	0.023451261382295863	1622.3391139507294
80	0.549880644505091	65.0	1	ecoli_colombos	interconnected	meanshift	0.03655832703451752	0.0029594836170799893	0.08095238095238096	0.023809523809523808	1622.3391139507294
81	0.27723281462218496	67.5	1	ecoli_colombos	strict	meanshift	0.02743866907522871	0.001570916168429125	0.05725190839694656	0.019230769230769232	1422.5392940044403
82	0.9237213191982848	67.5	1	ecoli_colombos	minimal	meanshift	0.06095606005000181	0.012645494401695939	0.1425287356321839	0.023451261382295863	1422.5392940044403
83	0.549880644505091	67.5	1	ecoli_colombos	interconnected	meanshift	0.03655832703451752	0.0029594836170799893	0.08095238095238096	0.023809523809523808	1422.5392940044403
84	0.27723281462218496	70.0	1	ecoli_colombos	strict	meanshift	0.02743866907522871	0.001570916168429125	0.05725190839694656	0.019230769230769232	1546.5109951496124
85	0.9237213191982848	70.0	1	ecoli_colombos	minimal	meanshift	0.06095606005000181	0.012645494401695939	0.1425287356321839	0.023451261382295863	1546.5109951496124
86	0.549880644505091	70.0	1	ecoli_colombos	interconnected	meanshift	0.03655832703451752	0.0029594836170799893	0.08095238095238096	0.023809523809523808	1546.5109951496124
87	0.2787737847214952	auto	1	ecoli_dream5	strict	meanshift	0.026610871216092985	0.001470475949552375	0.05525846702317291	0.018518518518518517	1066.6095461845398
88	0.9931924134239276	auto	1	ecoli_dream5	minimal	meanshift	0.06150075495066952	0.01317492585663678	0.14773980154355015	0.024531422271223815	1066.6095461845398
89	0.5292781101457176	auto	1	ecoli_dream5	interconnected	meanshift	0.033709262169097254	0.0025664445575300987	0.07613469985358712	0.022222222222222216	1066.6095461845398
90	0.0	2.5	1	ecoli_dream5	strict	meanshift	0.0	0.0	0.0	0.0	19.276361227035522
91	0.0	2.5	1	ecoli_dream5	minimal	meanshift	0.0	0.0	0.0	0.0	19.276361227035522
92	0.0	2.5	1	ecoli_dream5	interconnected	meanshift	0.0	0.0	0.0	0.0	19.276361227035522
93	0.0	5.0	1	ecoli_dream5	strict	meanshift	0.0	0.0	0.0	0.0	33.419498920440674
94	0.0	5.0	1	ecoli_dream5	minimal	meanshift	0.0	0.0	0.0	0.0	33.419498920440674
95	0.0	5.0	1	ecoli_dream5	interconnected	meanshift	0.0	0.0	0.0	0.0	33.419498920440674
96	0.9446306097253416	7.5	1	ecoli_dream5	strict	meanshift	0.014581895157202202	0.02083210906740319	0.5915750915750916	0.03286528286528286	43.09986114501953
97	0.021992162586046617	7.5	1	ecoli_dream5	minimal	meanshift	5.276331746983197e-05	0.005157841039103213	0.24870384917517674	0.01697213278124511	43.09986114501953
98	0.2191771065418106	7.5	1	ecoli_dream5	interconnected	meanshift	0.0010402701232430105	0.004501699316960708	0.19004524886877827	0.008446455505279034	43.09986114501953
99	2.0285636659514497	10.0	1	ecoli_dream5	strict	meanshift	0.04046614155541697	0.051600149178003846	0.6202887308769661	0.06892097009744068	57.79947805404663
100	0.2878930584029917	10.0	1	ecoli_dream5	minimal	meanshift	0.0007631216562315843	0.01691250454226686	0.31596604168285236	0.0685380733386449	57.79947805404663
101	0.5957261708736075	10.0	1	ecoli_dream5	interconnected	meanshift	0.0033420941621453556	0.011850453120226036	0.24223257679140034	0.021531784603680028	57.79947805404663
102	4.224691244159009	12.5	1	ecoli_dream5	strict	meanshift	0.07876591982929126	0.10068357401737643	0.6340082286134917	0.16671371554046993	65.46928000450134
103	2.0008437412688953	12.5	1	ecoli_dream5	minimal	meanshift	0.008808685907379772	0.04085828792409573	0.33140561819493775	0.12898731744893688	65.46928000450134
104	2.7471886749205927	12.5	1	ecoli_dream5	interconnected	meanshift	0.019265986444787005	0.04035472577990109	0.36024120391529296	0.11328503606625383	65.46928000450134
105	6.7338678673446735	15.0	1	ecoli_dream5	strict	meanshift	0.14714895855808566	0.17126367086901143	0.6648738412672348	0.29174668858857467	79.11525893211365
106	4.019603332398831	15.0	1	ecoli_dream5	minimal	meanshift	0.02508178924005559	0.08194479476010806	0.3921134465814568	0.19522086140029923	79.11525893211365
107	4.765003571445792	15.0	1	ecoli_dream5	interconnected	meanshift	0.04492044510001741	0.07420366744988005	0.4013111339823845	0.19887317551544953	79.11525893211365
108	8.282925058244942	17.5	1	ecoli_dream5	strict	meanshift	0.19530688921121148	0.2127721617465119	0.685637428659332	0.3842100153808827	128.94568991661072
109	4.48160717197257	17.5	1	ecoli_dream5	minimal	meanshift	0.034952426407968626	0.08480622843592307	0.36036459058468107	0.2006522744519339	128.94568991661072
110	5.354187101255192	17.5	1	ecoli_dream5	interconnected	meanshift	0.05888350844979768	0.08754348815057678	0.38476768105169745	0.22589257372071636	128.94568991661072
111	5.591052258935471	20.0	1	ecoli_dream5	strict	meanshift	0.12665316321018796	0.11885518110100433	0.5009371506614615	0.2618357924358387	211.14052486419678
112	4.676458828447447	20.0	1	ecoli_dream5	minimal	meanshift	0.03907965200258613	0.09246250072641589	0.3480628838503542	0.2047352769122148	211.14052486419678
113	4.847675676838039	20.0	1	ecoli_dream5	interconnected	meanshift	0.059293063642666274	0.07480479378132718	0.3425190109430491	0.20193389493824643	211.14052486419678
114	4.314905309840215	22.5	1	ecoli_dream5	strict	meanshift	0.09811786963434856	0.08754743379363099	0.429113900582078	0.1941815776337179	463.54550099372864
115	3.7625276846285503	22.5	1	ecoli_dream5	minimal	meanshift	0.0363613785176281	0.05943610000266296	0.30735053507282684	0.15346752849923007	463.54550099372864
116	4.316473682504082	22.5	1	ecoli_dream5	interconnected	meanshift	0.05922532704703535	0.05934763412444281	0.32526972079801164	0.17278732327338442	463.54550099372864
117	4.2282162514425	25.0	1	ecoli_dream5	strict	meanshift	0.10673492669481953	0.08637604348188173	0.3762898119431004	0.19595170254869831	531.7337951660156
118	3.496170813851295	25.0	1	ecoli_dream5	minimal	meanshift	0.039765352354742385	0.05141792940075094	0.2525032751031754	0.14313218643054088	531.7337951660156
119	3.943137389446808	25.0	1	ecoli_dream5	interconnected	meanshift	0.06116278940405412	0.05606646549408036	0.27368413457015583	0.15833177623519246	531.7337951660156
120	1.8286743268328762	27.5	1	ecoli_dream5	strict	meanshift	0.04595220409978375	0.023438501044209595	0.30639943777668327	0.07780094494785128	940.1974148750305
121	2.1114086189212022	27.5	1	ecoli_dream5	minimal	meanshift	0.0387164214270823	0.02489071009454497	0.17629020066414952	0.07383648465461784	940.1974148750305
122	2.1864440925894812	27.5	1	ecoli_dream5	interconnected	meanshift	0.041036725862660633	0.019562214459790585	0.2032389521419674	0.08544743664650967	940.1974148750305
123	1.1791176512037882	30.0	1	ecoli_dream5	strict	meanshift	0.044278521833302095	0.009081349395251542	0.1967067972776471	0.061821400703446244	1821.7670419216156
124	2.1234614600389943	30.0	1	ecoli_dream5	minimal	meanshift	0.05567072080676351	0.019870073309710298	0.18535108732989297	0.07494304797212803	1821.7670419216156
125	1.3888618315668126	30.0	1	ecoli_dream5	interconnected	meanshift	0.04307656729648375	0.007617284693372319	0.15995892871302145	0.060891756647388044	1821.7670419216156
126	0.2787737847214952	32.5	1	ecoli_dream5	strict	meanshift	0.026610871216092985	0.001470475949552375	0.05525846702317291	0.018518518518518517	2744.4962928295135
127	0.9931924134239276	32.5	1	ecoli_dream5	minimal	meanshift	0.06150075495066952	0.01317492585663678	0.14773980154355015	0.024531422271223815	2744.4962928295135
128	0.5292781101457176	32.5	1	ecoli_dream5	interconnected	meanshift	0.033709262169097254	0.0025664445575300987	0.07613469985358712	0.022222222222222216	2744.4962928295135
129	0.2787737847214952	35.0	1	ecoli_dream5	strict	meanshift	0.026610871216092985	0.001470475949552375	0.05525846702317291	0.018518518518518517	1269.9397599697113
130	0.9931924134239276	35.0	1	ecoli_dream5	minimal	meanshift	0.06150075495066952	0.01317492585663678	0.14773980154355015	0.024531422271223815	1269.9397599697113
131	0.5292781101457176	35.0	1	ecoli_dream5	interconnected	meanshift	0.033709262169097254	0.0025664445575300987	0.07613469985358712	0.022222222222222216	1269.9397599697113
132	0.2787737847214952	37.5	1	ecoli_dream5	strict	meanshift	0.026610871216092985	0.001470475949552375	0.05525846702317291	0.018518518518518517	918.9037759304047
133	0.9931924134239276	37.5	1	ecoli_dream5	minimal	meanshift	0.06150075495066952	0.01317492585663678	0.14773980154355015	0.024531422271223815	918.9037759304047
134	0.5292781101457176	37.5	1	ecoli_dream5	interconnected	meanshift	0.033709262169097254	0.0025664445575300987	0.07613469985358712	0.022222222222222216	918.9037759304047
135	0.2787737847214952	40.0	1	ecoli_dream5	strict	meanshift	0.026610871216092985	0.001470475949552375	0.05525846702317291	0.018518518518518517	1086.18110704422
136	0.9931924134239276	40.0	1	ecoli_dream5	minimal	meanshift	0.06150075495066952	0.01317492585663678	0.14773980154355015	0.024531422271223815	1086.18110704422
137	0.5292781101457176	40.0	1	ecoli_dream5	interconnected	meanshift	0.033709262169097254	0.0025664445575300987	0.07613469985358712	0.022222222222222216	1086.18110704422
138	0.2787737847214952	42.5	1	ecoli_dream5	strict	meanshift	0.026610871216092985	0.001470475949552375	0.05525846702317291	0.018518518518518517	1093.9330039024353
139	0.9931924134239276	42.5	1	ecoli_dream5	minimal	meanshift	0.06150075495066952	0.01317492585663678	0.14773980154355015	0.024531422271223815	1093.9330039024353
140	0.5292781101457176	42.5	1	ecoli_dream5	interconnected	meanshift	0.033709262169097254	0.0025664445575300987	0.07613469985358712	0.022222222222222216	1093.9330039024353
141	0.2787737847214952	45.0	1	ecoli_dream5	strict	meanshift	0.026610871216092985	0.001470475949552375	0.05525846702317291	0.018518518518518517	890.0374948978424
142	0.9931924134239276	45.0	1	ecoli_dream5	minimal	meanshift	0.06150075495066952	0.01317492585663678	0.14773980154355015	0.024531422271223815	890.0374948978424
143	0.5292781101457176	45.0	1	ecoli_dream5	interconnected	meanshift	0.033709262169097254	0.0025664445575300987	0.07613469985358712	0.022222222222222216	890.0374948978424
144	0.2787737847214952	47.5	1	ecoli_dream5	strict	meanshift	0.026610871216092985	0.001470475949552375	0.05525846702317291	0.018518518518518517	925.5684988498688
145	0.9931924134239276	47.5	1	ecoli_dream5	minimal	meanshift	0.06150075495066952	0.01317492585663678	0.14773980154355015	0.024531422271223815	925.5684988498688
146	0.5292781101457176	47.5	1	ecoli_dream5	interconnected	meanshift	0.033709262169097254	0.0025664445575300987	0.07613469985358712	0.022222222222222216	925.5684988498688
147	0.2787737847214952	50.0	1	ecoli_dream5	strict	meanshift	0.026610871216092985	0.001470475949552375	0.05525846702317291	0.018518518518518517	886.6113231182098
148	0.9931924134239276	50.0	1	ecoli_dream5	minimal	meanshift	0.06150075495066952	0.01317492585663678	0.14773980154355015	0.024531422271223815	886.6113231182098
149	0.5292781101457176	50.0	1	ecoli_dream5	interconnected	meanshift	0.033709262169097254	0.0025664445575300987	0.07613469985358712	0.022222222222222216	886.6113231182098
150	0.2787737847214952	52.5	1	ecoli_dream5	strict	meanshift	0.026610871216092985	0.001470475949552375	0.05525846702317291	0.018518518518518517	796.5718030929565
151	0.9931924134239276	52.5	1	ecoli_dream5	minimal	meanshift	0.06150075495066952	0.01317492585663678	0.14773980154355015	0.024531422271223815	796.5718030929565
152	0.5292781101457176	52.5	1	ecoli_dream5	interconnected	meanshift	0.033709262169097254	0.0025664445575300987	0.07613469985358712	0.022222222222222216	796.5718030929565
153	0.2787737847214952	55.0	1	ecoli_dream5	strict	meanshift	0.026610871216092985	0.001470475949552375	0.05525846702317291	0.018518518518518517	647.8287789821625
154	0.9931924134239276	55.0	1	ecoli_dream5	minimal	meanshift	0.06150075495066952	0.01317492585663678	0.14773980154355015	0.024531422271223815	647.8287789821625
155	0.5292781101457176	55.0	1	ecoli_dream5	interconnected	meanshift	0.033709262169097254	0.0025664445575300987	0.07613469985358712	0.022222222222222216	647.8287789821625
156	0.2787737847214952	57.5	1	ecoli_dream5	strict	meanshift	0.026610871216092985	0.001470475949552375	0.05525846702317291	0.018518518518518517	630.8613369464874
157	0.9931924134239276	57.5	1	ecoli_dream5	minimal	meanshift	0.06150075495066952	0.01317492585663678	0.14773980154355015	0.024531422271223815	630.8613369464874
158	0.5292781101457176	57.5	1	ecoli_dream5	interconnected	meanshift	0.033709262169097254	0.0025664445575300987	0.07613469985358712	0.022222222222222216	630.8613369464874
159	0.2787737847214952	60.0	1	ecoli_dream5	strict	meanshift	0.026610871216092985	0.001470475949552375	0.05525846702317291	0.018518518518518517	521.5940539836884
160	0.9931924134239276	60.0	1	ecoli_dream5	minimal	meanshift	0.06150075495066952	0.01317492585663678	0.14773980154355015	0.024531422271223815	521.5940539836884
161	0.5292781101457176	60.0	1	ecoli_dream5	interconnected	meanshift	0.033709262169097254	0.0025664445575300987	0.07613469985358712	0.022222222222222216	521.5940539836884
162	0.2787737847214952	62.5	1	ecoli_dream5	strict	meanshift	0.026610871216092985	0.001470475949552375	0.05525846702317291	0.018518518518518517	606.6625139713287
163	0.9931924134239276	62.5	1	ecoli_dream5	minimal	meanshift	0.06150075495066952	0.01317492585663678	0.14773980154355015	0.024531422271223815	606.6625139713287
164	0.5292781101457176	62.5	1	ecoli_dream5	interconnected	meanshift	0.033709262169097254	0.0025664445575300987	0.07613469985358712	0.022222222222222216	606.6625139713287
165	0.2787737847214952	65.0	1	ecoli_dream5	strict	meanshift	0.026610871216092985	0.001470475949552375	0.05525846702317291	0.018518518518518517	910.6617431640625
166	0.9931924134239276	65.0	1	ecoli_dream5	minimal	meanshift	0.06150075495066952	0.01317492585663678	0.14773980154355015	0.024531422271223815	910.6617431640625
167	0.5292781101457176	65.0	1	ecoli_dream5	interconnected	meanshift	0.033709262169097254	0.0025664445575300987	0.07613469985358712	0.022222222222222216	910.6617431640625
168	0.2787737847214952	67.5	1	ecoli_dream5	strict	meanshift	0.026610871216092985	0.001470475949552375	0.05525846702317291	0.018518518518518517	698.8550839424133
169	0.9931924134239276	67.5	1	ecoli_dream5	minimal	meanshift	0.06150075495066952	0.01317492585663678	0.14773980154355015	0.024531422271223815	698.8550839424133
170	0.5292781101457176	67.5	1	ecoli_dream5	interconnected	meanshift	0.033709262169097254	0.0025664445575300987	0.07613469985358712	0.022222222222222216	698.8550839424133
171	0.2787737847214952	70.0	1	ecoli_dream5	strict	meanshift	0.026610871216092985	0.001470475949552375	0.05525846702317291	0.018518518518518517	751.7643339633942
172	0.9931924134239276	70.0	1	ecoli_dream5	minimal	meanshift	0.06150075495066952	0.01317492585663678	0.14773980154355015	0.024531422271223815	751.7643339633942
173	0.5292781101457176	70.0	1	ecoli_dream5	interconnected	meanshift	0.033709262169097254	0.0025664445575300987	0.07613469985358712	0.022222222222222216	751.7643339633942
174	0.6130127789015861	auto	1	yeast_gpl2529	strict	meanshift	0.04741329424019134	0.0057426039607685175	0.12111801242236025	0.03333333333333333	6994.227173089981
175	1.0954756944254147	auto	1	yeast_gpl2529	minimal	meanshift	0.06375905929044975	0.011742896242212003	0.13673469387755102	0.04065085493656922	6994.227173089981
176	0.7215806509870202	auto	1	yeast_gpl2529	interconnected	meanshift	0.04787067888379841	0.004762644072622802	0.09948979591836735	0.037037037037037035	6994.227173089981
177	0.0	2.5	1	yeast_gpl2529	strict	meanshift	0.0	0.0	0.0	0.0	71.9253499507904
178	0.0	2.5	1	yeast_gpl2529	minimal	meanshift	0.0	0.0	0.0	0.0	71.9253499507904
179	0.0	2.5	1	yeast_gpl2529	interconnected	meanshift	0.0	0.0	0.0	0.0	71.9253499507904
180	0.0	5.0	1	yeast_gpl2529	strict	meanshift	0.0	0.0	0.0	0.0	98.64339995384216
181	0.0	5.0	1	yeast_gpl2529	minimal	meanshift	0.0	0.0	0.0	0.0	98.64339995384216
182	0.0	5.0	1	yeast_gpl2529	interconnected	meanshift	0.0	0.0	0.0	0.0	98.64339995384216
183	0.0	7.5	1	yeast_gpl2529	strict	meanshift	0.0	0.0	0.0	0.0	153.1797890663147
184	0.0	7.5	1	yeast_gpl2529	minimal	meanshift	0.0	0.0	0.0	0.0	153.1797890663147
185	0.0	7.5	1	yeast_gpl2529	interconnected	meanshift	0.0	0.0	0.0	0.0	153.1797890663147
186	0.0	10.0	1	yeast_gpl2529	strict	meanshift	0.0	0.0	0.0	0.0	184.17519307136536
187	0.0	10.0	1	yeast_gpl2529	minimal	meanshift	0.0	0.0	0.0	0.0	184.17519307136536
188	0.0	10.0	1	yeast_gpl2529	interconnected	meanshift	0.0	0.0	0.0	0.0	184.17519307136536
189	0.0	12.5	1	yeast_gpl2529	strict	meanshift	0.0	0.0	0.0	0.0	224.63537096977234
190	0.0	12.5	1	yeast_gpl2529	minimal	meanshift	0.0	0.0	0.0	0.0	224.63537096977234
191	0.0	12.5	1	yeast_gpl2529	interconnected	meanshift	0.0	0.0	0.0	0.0	224.63537096977234
192	0.0	15.0	1	yeast_gpl2529	strict	meanshift	0.0	0.0	0.0	0.0	219.02333807945251
193	0.0	15.0	1	yeast_gpl2529	minimal	meanshift	0.0	0.0	0.0	0.0	219.02333807945251
194	0.0	15.0	1	yeast_gpl2529	interconnected	meanshift	0.0	0.0	0.0	0.0	219.02333807945251
195	0.0	17.5	1	yeast_gpl2529	strict	meanshift	0.0	0.0	0.0	0.0	244.11722898483276
196	0.0	17.5	1	yeast_gpl2529	minimal	meanshift	0.0	0.0	0.0	0.0	244.11722898483276
197	0.0	17.5	1	yeast_gpl2529	interconnected	meanshift	0.0	0.0	0.0	0.0	244.11722898483276
198	0.0	20.0	1	yeast_gpl2529	strict	meanshift	0.0	0.0	0.0	0.0	264.0647988319397
199	0.11984779763900032	20.0	1	yeast_gpl2529	minimal	meanshift	0.0004863765983895854	0.0023191094619666045	0.22727272727272727	0.010288697788697789	264.0647988319397
200	0.0	20.0	1	yeast_gpl2529	interconnected	meanshift	0.0	0.0	0.0	0.0	264.0647988319397
201	0.2723475766140742	22.5	1	yeast_gpl2529	strict	meanshift	0.0026958247066942724	0.006469979296066253	0.4166666666666667	0.01388888888888889	272.7743229866028
202	0.456202446208029	22.5	1	yeast_gpl2529	minimal	meanshift	0.002377031994122855	0.007513914656771799	0.4090909090909091	0.027513821631468694	272.7743229866028
203	0.21813517931181176	22.5	1	yeast_gpl2529	interconnected	meanshift	0.0012456154336734694	0.003985969387755102	0.3125	0.011574074074074073	272.7743229866028
204	0.7032106726403156	25.0	1	yeast_gpl2529	strict	meanshift	0.015722049689440992	0.02096273291925466	0.75	0.025	311.6162509918213
205	0.9248300841877394	25.0	1	yeast_gpl2529	minimal	meanshift	0.008028815825228743	0.015862708719851577	0.34090909090909094	0.03759515818339347	311.6162509918213
206	0.6155909603248414	25.0	1	yeast_gpl2529	interconnected	meanshift	0.007264429209183673	0.012914540816326531	0.5625	0.020833333333333332	311.6162509918213
207	1.1878206293522287	27.5	1	yeast_gpl2529	strict	meanshift	0.023311731915560147	0.03221585178106917	0.4045584045584045	0.04783017908017908	348.6427278518677
208	1.379664609157338	27.5	1	yeast_gpl2529	minimal	meanshift	0.014767161975437166	0.02866802509659652	0.2908637658637659	0.0521574345218771	348.6427278518677
209	1.2665945642572887	27.5	1	yeast_gpl2529	interconnected	meanshift	0.0146709854474332	0.024789068405139832	0.2844170875420875	0.049447463189558956	348.6427278518677
210	1.4877842386262337	30.0	1	yeast_gpl2529	strict	meanshift	0.028692399341893122	0.03433228217062803	0.2852467707730865	0.0690196172936111	416.8131830692291
211	1.766988015398452	30.0	1	yeast_gpl2529	minimal	meanshift	0.021498583665239348	0.03464106811555791	0.2531547619047619	0.07003701196978507	416.8131830692291
212	1.7067024962991848	30.0	1	yeast_gpl2529	interconnected	meanshift	0.022664624443163688	0.029961634170817847	0.271014541014541	0.07007058267004275	416.8131830692291
213	1.6766480803476547	32.5	1	yeast_gpl2529	strict	meanshift	0.03667211688933005	0.03783425061256808	0.3159975369458128	0.07564242615779927	455.8896110057831
214	1.8113560106458506	32.5	1	yeast_gpl2529	minimal	meanshift	0.024095970096592954	0.033976907446295196	0.25501412168078835	0.07053954744588284	455.8896110057831
215	1.9174966457778413	32.5	1	yeast_gpl2529	interconnected	meanshift	0.02789326434729803	0.03240592882174515	0.2971988795518207	0.07763911975604948	455.8896110057831
216	1.8905116897762473	35.0	1	yeast_gpl2529	strict	meanshift	0.039454921150106285	0.042348993948525815	0.30734712380249907	0.0901177347026694	632.70143699646
217	2.4525444596475983	35.0	1	yeast_gpl2529	minimal	meanshift	0.029430367130239592	0.04602278852372435	0.23696239115901624	0.1143796632256038	632.70143699646
218	2.162110919104854	35.0	1	yeast_gpl2529	interconnected	meanshift	0.0302462165528102	0.03581017316315383	0.2571428571428572	0.09699715987044194	632.70143699646
219	1.621066495979831	37.5	1	yeast_gpl2529	strict	meanshift	0.0241746713363882	0.028652051385595605	0.21726968171434116	0.1049211759102047	3128.26962018013
220	2.1377969539173747	37.5	1	yeast_gpl2529	minimal	meanshift	0.01608041161169404	0.035588622926309856	0.25329691909755536	0.12956925972248906	3128.26962018013
221	1.6319676163526073	37.5	1	yeast_gpl2529	interconnected	meanshift	0.01601868943253368	0.020314952681503955	0.1928417759471111	0.09891096870290018	3128.26962018013
222	1.6236662241429805	40.0	1	yeast_gpl2529	strict	meanshift	0.0284126014506519	0.02910316225273494	0.24699320902645713	0.09126962987857083	2152.4895651340485
223	2.2299117361934853	40.0	1	yeast_gpl2529	minimal	meanshift	0.02016844393414422	0.0348666431770926	0.2634125691114938	0.11912083243894948	2152.4895651340485
224	1.824521135347039	40.0	1	yeast_gpl2529	interconnected	meanshift	0.021316230742261	0.022732582840889973	0.22309781015258373	0.09784390693812123	2152.4895651340485
225	1.604044061644647	42.5	1	yeast_gpl2529	strict	meanshift	0.030982225859288066	0.02705692131640706	0.24241984580714115	0.08910328252989014	2418.320471048355
226	2.074977297938207	42.5	1	yeast_gpl2529	minimal	meanshift	0.02408800062106989	0.02936542728726421	0.21118185228627107	0.10635177880015056	2418.320471048355
227	1.826300481045703	42.5	1	yeast_gpl2529	interconnected	meanshift	0.02381360788373333	0.022297847639050617	0.2202752657060026	0.0943306644776172	2418.320471048355
228	1.4714041691805968	45.0	1	yeast_gpl2529	strict	meanshift	0.027669601960494544	0.019232062319517934	0.23747631957981008	0.09257057561069328	3118.2619791030884
229	1.7892335982014036	45.0	1	yeast_gpl2529	minimal	meanshift	0.021831014605759654	0.02166730188790354	0.18475886672125957	0.09563364550255973	3118.2619791030884
230	1.567826094167266	45.0	1	yeast_gpl2529	interconnected	meanshift	0.02171199160023576	0.014316686343153898	0.19276072158824956	0.09287136465842392	3118.2619791030884
231	1.417721608344562	47.5	1	yeast_gpl2529	strict	meanshift	0.032127796879036774	0.015661597139955543	0.25349668085210914	0.08958638351757059	4029.4765009880066
232	1.8249696794129886	47.5	1	yeast_gpl2529	minimal	meanshift	0.025510148980425747	0.024445972191652676	0.15772637877681175	0.09578171268254816	4029.4765009880066
233	1.6188134900562312	47.5	1	yeast_gpl2529	interconnected	meanshift	0.028182440278434424	0.015316140423488627	0.18003943395540034	0.08923794379277418	4029.4765009880066
234	0.9426956793997142	50.0	1	yeast_gpl2529	strict	meanshift	0.029868601793541342	0.008753015679492802	0.18615789004722447	0.05993363839601395	6610.298099994659
235	1.3601292600996029	50.0	1	yeast_gpl2529	minimal	meanshift	0.02692268272855013	0.015096382446013315	0.11716740259454471	0.06908041415108966	6610.298099994659
236	1.1656979786568236	50.0	1	yeast_gpl2529	interconnected	meanshift	0.02820241102342855	0.008718484282626136	0.12687574148860953	0.0702847309019069	6610.298099994659
237	0.8623246518131716	52.5	1	yeast_gpl2529	strict	meanshift	0.03866104297402904	0.007139558266871167	0.1361845972957084	0.06184637473029169	7066.509728908539
238	1.3663402970174812	52.5	1	yeast_gpl2529	minimal	meanshift	0.04101740510135992	0.0157372201958829	0.1268125969267315	0.059373416853746794	7066.509728908539
239	1.1241636040711473	52.5	1	yeast_gpl2529	interconnected	meanshift	0.037915879905367815	0.008894145347671106	0.13465608465608464	0.05738660141274909	7066.509728908539
240	0.6108440743029887	55.0	1	yeast_gpl2529	strict	meanshift	0.04375613875703353	0.005453425833860617	0.0967948717948718	0.03750441772392457	9502.766491889954
241	1.0284636082609895	55.0	1	yeast_gpl2529	minimal	meanshift	0.05517697321661427	0.010812761926769273	0.0978438864628821	0.04276567474100241	9502.766491889954
242	0.7096784020965873	55.0	1	yeast_gpl2529	interconnected	meanshift	0.0427064334025042	0.0043567462557128275	0.08811475409836066	0.041242541795266874	9502.766491889954
243	0.0	57.5	1	yeast_gpl2529	strict	meanshift	0.0	0.0	0.0	0.0	0.0
244	0.0	57.5	1	yeast_gpl2529	minimal	meanshift	0.0	0.0	0.0	0.0	0.0
245	0.0	57.5	1	yeast_gpl2529	interconnected	meanshift	0.0	0.0	0.0	0.0	0.0
246	0.6130127789015861	60.0	1	yeast_gpl2529	strict	meanshift	0.04741329424019134	0.0057426039607685175	0.12111801242236025	0.03333333333333333	13999.140823841095
247	1.0954756944254147	60.0	1	yeast_gpl2529	minimal	meanshift	0.06375905929044975	0.011742896242212003	0.13673469387755102	0.04065085493656922	13999.140823841095
248	0.7215806509870202	60.0	1	yeast_gpl2529	interconnected	meanshift	0.04787067888379841	0.004762644072622802	0.09948979591836735	0.037037037037037035	13999.140823841095
249	0.6130127789015861	62.5	1	yeast_gpl2529	strict	meanshift	0.04741329424019134	0.0057426039607685175	0.12111801242236025	0.03333333333333333	12754.414077997208
250	1.0954756944254147	62.5	1	yeast_gpl2529	minimal	meanshift	0.06375905929044975	0.011742896242212003	0.13673469387755102	0.04065085493656922	12754.414077997208
251	0.7215806509870202	62.5	1	yeast_gpl2529	interconnected	meanshift	0.04787067888379841	0.004762644072622802	0.09948979591836735	0.037037037037037035	12754.414077997208
252	0.6130127789015861	65.0	1	yeast_gpl2529	strict	meanshift	0.04741329424019134	0.0057426039607685175	0.12111801242236025	0.03333333333333333	10554.489953041077
253	1.0954756944254147	65.0	1	yeast_gpl2529	minimal	meanshift	0.06375905929044975	0.011742896242212003	0.13673469387755102	0.04065085493656922	10554.489953041077
254	0.7215806509870202	65.0	1	yeast_gpl2529	interconnected	meanshift	0.04787067888379841	0.004762644072622802	0.09948979591836735	0.037037037037037035	10554.489953041077
255	0.6130127789015861	67.5	1	yeast_gpl2529	strict	meanshift	0.04741329424019134	0.0057426039607685175	0.12111801242236025	0.03333333333333333	6839.41139292717
256	1.0954756944254147	67.5	1	yeast_gpl2529	minimal	meanshift	0.06375905929044975	0.011742896242212003	0.13673469387755102	0.04065085493656922	6839.41139292717
257	0.7215806509870202	67.5	1	yeast_gpl2529	interconnected	meanshift	0.04787067888379841	0.004762644072622802	0.09948979591836735	0.037037037037037035	6839.41139292717
258	0.6130127789015861	70.0	1	yeast_gpl2529	strict	meanshift	0.04741329424019134	0.0057426039607685175	0.12111801242236025	0.03333333333333333	7614.159655094147
259	1.0954756944254147	70.0	1	yeast_gpl2529	minimal	meanshift	0.06375905929044975	0.011742896242212003	0.13673469387755102	0.04065085493656922	7614.159655094147
260	0.7215806509870202	70.0	1	yeast_gpl2529	interconnected	meanshift	0.04787067888379841	0.004762644072622802	0.09948979591836735	0.037037037037037035	7614.159655094147
261	0.6392163564059573	auto	1	yeast_dream5	strict	meanshift	0.041256886836633935	0.004774112984550039	0.1157167530224525	0.023809523809523808	1816.80895113945
262	1.0906293432514773	auto	1	yeast_dream5	minimal	meanshift	0.05136557520927803	0.007979447480890935	0.09782608695652174	0.028584368530020703	1816.80895113945
263	0.6298525953931414	auto	1	yeast_dream5	interconnected	meanshift	0.03308682181061581	0.0026332072721251356	0.07958477508650519	0.021276595744680847	1816.80895113945
264	0.0	2.5	1	yeast_dream5	strict	meanshift	0.0	0.0	0.0	0.0	20.938321113586426
265	0.0	2.5	1	yeast_dream5	minimal	meanshift	0.0	0.0	0.0	0.0	20.938321113586426
266	0.0	2.5	1	yeast_dream5	interconnected	meanshift	0.0	0.0	0.0	0.0	20.938321113586426
267	0.0	5.0	1	yeast_dream5	strict	meanshift	0.0	0.0	0.0	0.0	36.60825204849243
268	0.0	5.0	1	yeast_dream5	minimal	meanshift	0.0	0.0	0.0	0.0	36.60825204849243
269	0.0	5.0	1	yeast_dream5	interconnected	meanshift	0.0	0.0	0.0	0.0	36.60825204849243
270	0.30575191953995645	7.5	1	yeast_dream5	strict	meanshift	0.002283381557992957	0.0028127313101406364	0.3	0.014409400123685837	48.82538294792175
271	0.31431827131545376	7.5	1	yeast_dream5	minimal	meanshift	0.001122679068760856	0.0044620546869422436	0.27586206896551724	0.010793191740957168	48.82538294792175
272	0.2539382037350613	7.5	1	yeast_dream5	interconnected	meanshift	0.0010219313003333678	0.002014660353305409	0.23684210526315788	0.009527562811045566	48.82538294792175
273	0.7651964766851092	10.0	1	yeast_dream5	strict	meanshift	0.006524039804266914	0.00925200739326728	0.2422222222222222	0.0322705064943814	63.53890609741211
274	1.124538648861755	10.0	1	yeast_dream5	minimal	meanshift	0.00524828513668796	0.015466370078514672	0.21201658599608372	0.03600031248311576	63.53890609741211
275	0.9224280177095119	10.0	1	yeast_dream5	interconnected	meanshift	0.004289266619535884	0.007976787654866778	0.2014893455183262	0.03437304533496515	63.53890609741211
276	1.4782547913559045	12.5	1	yeast_dream5	strict	meanshift	0.01384968444724627	0.017085251044358974	0.23055649765717617	0.06976421593665938	110.35619902610779
277	1.7835871429727772	12.5	1	yeast_dream5	minimal	meanshift	0.009754078033701255	0.02350311631227344	0.18973997831217781	0.05958296393648355	110.35619902610779
278	1.7762926898774798	12.5	1	yeast_dream5	interconnected	meanshift	0.011746731604853095	0.014786161134902397	0.19268878882979845	0.06532941543576544	110.35619902610779
279	1.328663455480627	15.0	1	yeast_dream5	strict	meanshift	0.01420615287774097	0.011648750317478406	0.1670282826951328	0.07346410168793485	327.9124450683594
280	1.6170052734052962	15.0	1	yeast_dream5	minimal	meanshift	0.007870873387187434	0.01638958976432935	0.1251315955754645	0.07378600154543305	327.9124450683594
281	1.3529025238666796	15.0	1	yeast_dream5	interconnected	meanshift	0.008016011487741783	0.008339674477274725	0.12987305777760125	0.06448916544540922	327.9124450683594
282	0.9976557544717066	17.5	1	yeast_dream5	strict	meanshift	0.011688803633321391	0.007166106734201125	0.12833790432077985	0.0607601446733033	985.9526832103729
283	1.7069561735577838	17.5	1	yeast_dream5	minimal	meanshift	0.010145347562491422	0.015589203997566447	0.1183373024864442	0.0741529467673157	985.9526832103729
284	1.4111253899868081	17.5	1	yeast_dream5	interconnected	meanshift	0.010492714627356634	0.0069279527475400345	0.1162338996338866	0.07563767149598215	985.9526832103729
285	0.7472252160749248	20.0	1	yeast_dream5	strict	meanshift	0.017977621795793344	0.0045343704482347395	0.10937761069340017	0.038631684387895424	1596.287479877472
286	1.4714492297408406	20.0	1	yeast_dream5	minimal	meanshift	0.019097507056311473	0.010612406325272808	0.07656277986774573	0.0604041577830523	1596.287479877472
287	1.089877665210439	20.0	1	yeast_dream5	interconnected	meanshift	0.01746378508256158	0.004531211909808433	0.08106735194402337	0.05363825757592314	1596.287479877472
288	1.1217390063132027	22.5	1	yeast_dream5	strict	meanshift	0.03255711767774866	0.007422912857403436	0.11443833984373726	0.06021170316749451	2112.16299200058
289	1.5543177089145246	22.5	1	yeast_dream5	minimal	meanshift	0.031738623424482505	0.011303730160068632	0.08238935829430191	0.05630055618269958	2112.16299200058
290	1.2862298529199372	22.5	1	yeast_dream5	interconnected	meanshift	0.030507224889314264	0.005019381212085004	0.0923794850619423	0.06360771314094517	2112.16299200058
291	0.6392163564059573	25.0	1	yeast_dream5	strict	meanshift	0.041256886836633935	0.004774112984550039	0.1157167530224525	0.023809523809523808	5431.259752035141
292	1.0906293432514773	25.0	1	yeast_dream5	minimal	meanshift	0.05136557520927803	0.007979447480890935	0.09782608695652174	0.028584368530020703	5431.259752035141
293	0.6298525953931414	25.0	1	yeast_dream5	interconnected	meanshift	0.03308682181061581	0.0026332072721251356	0.07958477508650519	0.021276595744680847	5431.259752035141
294	0.6392163564059573	27.5	1	yeast_dream5	strict	meanshift	0.041256886836633935	0.004774112984550039	0.1157167530224525	0.023809523809523808	2102.839833021164
295	1.0906293432514773	27.5	1	yeast_dream5	minimal	meanshift	0.05136557520927803	0.007979447480890935	0.09782608695652174	0.028584368530020703	2102.839833021164
296	0.6298525953931414	27.5	1	yeast_dream5	interconnected	meanshift	0.03308682181061581	0.0026332072721251356	0.07958477508650519	0.021276595744680847	2102.839833021164
297	0.6392163564059573	30.0	1	yeast_dream5	strict	meanshift	0.041256886836633935	0.004774112984550039	0.1157167530224525	0.023809523809523808	1526.236871957779
298	1.0906293432514773	30.0	1	yeast_dream5	minimal	meanshift	0.05136557520927803	0.007979447480890935	0.09782608695652174	0.028584368530020703	1526.236871957779
299	0.6298525953931414	30.0	1	yeast_dream5	interconnected	meanshift	0.03308682181061581	0.0026332072721251356	0.07958477508650519	0.021276595744680847	1526.236871957779
300	0.6392163564059573	32.5	1	yeast_dream5	strict	meanshift	0.041256886836633935	0.004774112984550039	0.1157167530224525	0.023809523809523808	1199.9758949279785
301	1.0906293432514773	32.5	1	yeast_dream5	minimal	meanshift	0.05136557520927803	0.007979447480890935	0.09782608695652174	0.028584368530020703	1199.9758949279785
302	0.6298525953931414	32.5	1	yeast_dream5	interconnected	meanshift	0.03308682181061581	0.0026332072721251356	0.07958477508650519	0.021276595744680847	1199.9758949279785
303	0.6392163564059573	35.0	1	yeast_dream5	strict	meanshift	0.041256886836633935	0.004774112984550039	0.1157167530224525	0.023809523809523808	1278.4113409519196
304	1.0906293432514773	35.0	1	yeast_dream5	minimal	meanshift	0.05136557520927803	0.007979447480890935	0.09782608695652174	0.028584368530020703	1278.4113409519196
305	0.6298525953931414	35.0	1	yeast_dream5	interconnected	meanshift	0.03308682181061581	0.0026332072721251356	0.07958477508650519	0.021276595744680847	1278.4113409519196
306	0.6392163564059573	37.5	1	yeast_dream5	strict	meanshift	0.041256886836633935	0.004774112984550039	0.1157167530224525	0.023809523809523808	1472.8245849609375
307	1.0906293432514773	37.5	1	yeast_dream5	minimal	meanshift	0.05136557520927803	0.007979447480890935	0.09782608695652174	0.028584368530020703	1472.8245849609375
308	0.6298525953931414	37.5	1	yeast_dream5	interconnected	meanshift	0.03308682181061581	0.0026332072721251356	0.07958477508650519	0.021276595744680847	1472.8245849609375
309	0.6392163564059573	40.0	1	yeast_dream5	strict	meanshift	0.041256886836633935	0.004774112984550039	0.1157167530224525	0.023809523809523808	1137.3144249916077
310	1.0906293432514773	40.0	1	yeast_dream5	minimal	meanshift	0.05136557520927803	0.007979447480890935	0.09782608695652174	0.028584368530020703	1137.3144249916077
311	0.6298525953931414	40.0	1	yeast_dream5	interconnected	meanshift	0.03308682181061581	0.0026332072721251356	0.07958477508650519	0.021276595744680847	1137.3144249916077
312	0.6392163564059573	42.5	1	yeast_dream5	strict	meanshift	0.041256886836633935	0.004774112984550039	0.1157167530224525	0.023809523809523808	1068.0770590305328
313	1.0906293432514773	42.5	1	yeast_dream5	minimal	meanshift	0.05136557520927803	0.007979447480890935	0.09782608695652174	0.028584368530020703	1068.0770590305328
314	0.6298525953931414	42.5	1	yeast_dream5	interconnected	meanshift	0.03308682181061581	0.0026332072721251356	0.07958477508650519	0.021276595744680847	1068.0770590305328
315	0.6392163564059573	45.0	1	yeast_dream5	strict	meanshift	0.041256886836633935	0.004774112984550039	0.1157167530224525	0.023809523809523808	820.741338968277
316	1.0906293432514773	45.0	1	yeast_dream5	minimal	meanshift	0.05136557520927803	0.007979447480890935	0.09782608695652174	0.028584368530020703	820.741338968277
317	0.6298525953931414	45.0	1	yeast_dream5	interconnected	meanshift	0.03308682181061581	0.0026332072721251356	0.07958477508650519	0.021276595744680847	820.741338968277
318	0.6392163564059573	47.5	1	yeast_dream5	strict	meanshift	0.041256886836633935	0.004774112984550039	0.1157167530224525	0.023809523809523808	962.1068840026855
319	1.0906293432514773	47.5	1	yeast_dream5	minimal	meanshift	0.05136557520927803	0.007979447480890935	0.09782608695652174	0.028584368530020703	962.1068840026855
320	0.6298525953931414	47.5	1	yeast_dream5	interconnected	meanshift	0.03308682181061581	0.0026332072721251356	0.07958477508650519	0.021276595744680847	962.1068840026855
321	0.6392163564059573	50.0	1	yeast_dream5	strict	meanshift	0.041256886836633935	0.004774112984550039	0.1157167530224525	0.023809523809523808	847.1032500267029
322	1.0906293432514773	50.0	1	yeast_dream5	minimal	meanshift	0.05136557520927803	0.007979447480890935	0.09782608695652174	0.028584368530020703	847.1032500267029
323	0.6298525953931414	50.0	1	yeast_dream5	interconnected	meanshift	0.03308682181061581	0.0026332072721251356	0.07958477508650519	0.021276595744680847	847.1032500267029
324	0.6392163564059573	52.5	1	yeast_dream5	strict	meanshift	0.041256886836633935	0.004774112984550039	0.1157167530224525	0.023809523809523808	837.7584359645844
325	1.0906293432514773	52.5	1	yeast_dream5	minimal	meanshift	0.05136557520927803	0.007979447480890935	0.09782608695652174	0.028584368530020703	837.7584359645844
326	0.6298525953931414	52.5	1	yeast_dream5	interconnected	meanshift	0.03308682181061581	0.0026332072721251356	0.07958477508650519	0.021276595744680847	837.7584359645844
327	0.6392163564059573	55.0	1	yeast_dream5	strict	meanshift	0.041256886836633935	0.004774112984550039	0.1157167530224525	0.023809523809523808	773.641263961792
328	1.0906293432514773	55.0	1	yeast_dream5	minimal	meanshift	0.05136557520927803	0.007979447480890935	0.09782608695652174	0.028584368530020703	773.641263961792
329	0.6298525953931414	55.0	1	yeast_dream5	interconnected	meanshift	0.03308682181061581	0.0026332072721251356	0.07958477508650519	0.021276595744680847	773.641263961792
330	0.6392163564059573	57.5	1	yeast_dream5	strict	meanshift	0.041256886836633935	0.004774112984550039	0.1157167530224525	0.023809523809523808	1054.5485980510712
331	1.0906293432514773	57.5	1	yeast_dream5	minimal	meanshift	0.05136557520927803	0.007979447480890935	0.09782608695652174	0.028584368530020703	1054.5485980510712
332	0.6298525953931414	57.5	1	yeast_dream5	interconnected	meanshift	0.03308682181061581	0.0026332072721251356	0.07958477508650519	0.021276595744680847	1054.5485980510712
333	0.6392163564059573	60.0	1	yeast_dream5	strict	meanshift	0.041256886836633935	0.004774112984550039	0.1157167530224525	0.023809523809523808	863.945592880249
334	1.0906293432514773	60.0	1	yeast_dream5	minimal	meanshift	0.05136557520927803	0.007979447480890935	0.09782608695652174	0.028584368530020703	863.945592880249
335	0.6298525953931414	60.0	1	yeast_dream5	interconnected	meanshift	0.03308682181061581	0.0026332072721251356	0.07958477508650519	0.021276595744680847	863.945592880249
336	0.6392163564059573	62.5	1	yeast_dream5	strict	meanshift	0.041256886836633935	0.004774112984550039	0.1157167530224525	0.023809523809523808	792.0040061473846
337	1.0906293432514773	62.5	1	yeast_dream5	minimal	meanshift	0.05136557520927803	0.007979447480890935	0.09782608695652174	0.028584368530020703	792.0040061473846
338	0.6298525953931414	62.5	1	yeast_dream5	interconnected	meanshift	0.03308682181061581	0.0026332072721251356	0.07958477508650519	0.021276595744680847	792.0040061473846
339	0.6392163564059573	65.0	1	yeast_dream5	strict	meanshift	0.041256886836633935	0.004774112984550039	0.1157167530224525	0.023809523809523808	952.9134871959686
340	1.0906293432514773	65.0	1	yeast_dream5	minimal	meanshift	0.05136557520927803	0.007979447480890935	0.09782608695652174	0.028584368530020703	952.9134871959686
341	0.6298525953931414	65.0	1	yeast_dream5	interconnected	meanshift	0.03308682181061581	0.0026332072721251356	0.07958477508650519	0.021276595744680847	952.9134871959686
342	0.6392163564059573	67.5	1	yeast_dream5	strict	meanshift	0.041256886836633935	0.004774112984550039	0.1157167530224525	0.023809523809523808	1064.4853401184082
343	1.0906293432514773	67.5	1	yeast_dream5	minimal	meanshift	0.05136557520927803	0.007979447480890935	0.09782608695652174	0.028584368530020703	1064.4853401184082
344	0.6298525953931414	67.5	1	yeast_dream5	interconnected	meanshift	0.03308682181061581	0.0026332072721251356	0.07958477508650519	0.021276595744680847	1064.4853401184082
345	0.6392163564059573	70.0	1	yeast_dream5	strict	meanshift	0.041256886836633935	0.004774112984550039	0.1157167530224525	0.023809523809523808	1010.5642108917236
346	1.0906293432514773	70.0	1	yeast_dream5	minimal	meanshift	0.05136557520927803	0.007979447480890935	0.09782608695652174	0.028584368530020703	1010.5642108917236
347	0.6298525953931414	70.0	1	yeast_dream5	interconnected	meanshift	0.03308682181061581	0.0026332072721251356	0.07958477508650519	0.021276595744680847	1010.5642108917236
